member_id,church_id,age,age_group,gender,join_date,membership_years,engagement_score,volunteer,small_group,status
1,1,71,Senior (60+),Male,2025-10-18 13:11:46.223087,0.2080766598220397,0.8197316968394073,True,True,Active
2,1,54,Adult (40-59),Male,2024-04-16 13:11:46.223087,1.7138945927446954,0.7811989040672406,False,True,Active
3,1,95,Senior (60+),Male,2024-08-28 13:11:46.223087,1.3470225872689938,0.8939819704323989,False,False,Active
4,1,79,Senior (60+),Male,2025-03-07 13:11:46.223087,0.8240930869267625,0.7424678221356552,False,True,Inactive
5,1,47,Adult (40-59),Female,2024-06-14 13:11:46.223087,1.5523613963039014,0.8549512863264476,True,True,New
6,1,47,Adult (40-59),Male,2024-12-12 13:11:46.223087,1.056810403832991,0.8082458280396083,True,True,Inactive
7,1,37,Young Adult (25-39),Female,2025-09-12 13:11:46.223087,0.3066392881587953,0.7232723686587383,False,False,Active
8,1,66,Senior (60+),Male,2025-01-24 13:11:46.223087,0.9390828199863107,0.8570351922786027,False,False,Active
9,1,59,Adult (40-59),Male,2025-01-07 13:11:46.223087,0.9856262833675564,0.7592900825439995,False,True,Active
10,1,32,Young Adult (25-39),Male,2024-10-25 13:11:46.223087,1.1882272416153319,0.6841048247374584,False,False,Active
11,1,45,Adult (40-59),Female,2025-04-11 13:11:46.223087,0.7282683093771389,0.8380304987479202,True,True,Active
12,1,51,Adult (40-59),Male,2025-12-21 13:11:46.223087,0.03285420944558522,0.849035382022254,False,True,Active
13,1,81,Senior (60+),Female,2024-06-18 13:11:46.223087,1.541409993155373,0.8040136042355621,False,False,Active
14,1,34,Young Adult (25-39),Male,2025-07-26 13:11:46.223087,0.4380561259411362,0.6869708911051055,False,False,Inactive
15,1,78,Senior (60+),Male,2024-08-24 13:11:46.223087,1.3579739904175223,0.739196572483829,False,True,Active
16,1,62,Senior (60+),Female,2025-08-05 13:11:46.223087,0.4106776180698152,0.7650660661526528,True,False,Inactive
17,1,31,Young Adult (25-39),Female,2025-10-22 13:11:46.223087,0.1971252566735113,0.7213506653387178,True,True,Active
18,1,42,Adult (40-59),Female,2025-07-07 13:11:46.223087,0.49007529089664614,0.8585392166316497,False,True,Active
19,1,66,Senior (60+),Male,2025-01-07 13:11:46.223087,0.9856262833675564,0.8973773873201034,False,True,Active
20,1,49,Adult (40-59),Male,2024-02-20 13:11:46.223087,1.8672142368240932,0.7897431363068345,True,True,Active
21,1,88,Senior (60+),Male,2025-09-04 13:11:46.223087,0.32854209445585214,0.714808930346818,False,False,Active
22,1,85,Senior (60+),Male,2024-09-16 13:11:46.223087,1.2950034223134839,0.7231738119050259,False,True,Inactive
23,1,66,Senior (60+),Female,2024-10-02 13:11:46.223087,1.2511978097193703,0.7127116700572047,True,True,Active
24,1,86,Senior (60+),Male,2024-09-28 13:11:46.223087,1.2621492128678986,0.7650366644053493,False,True,Active
25,1,81,Senior (60+),Male,2025-10-18 13:11:46.223087,0.2080766598220397,0.7944429850323899,True,False,Active
26,1,95,Senior (60+),Male,2025-06-29 13:11:46.223087,0.5119780971937029,0.842648957444599,False,False,Active
27,1,67,Senior (60+),Female,2025-01-08 13:11:46.223087,0.9828884325804244,0.7987591192728781,True,True,Active
28,1,95,Senior (60+),Male,2024-03-23 13:11:46.223087,1.7796030116358659,0.7855082036717099,False,False,New
29,1,60,Senior (60+),Male,2025-07-01 13:11:46.223087,0.5065023956194388,0.8017141382329406,True,False,Active
30,1,51,Adult (40-59),Female,2024-09-30 13:11:46.223087,1.2566735112936345,0.7998584458297749,False,False,Inactive
31,1,95,Senior (60+),Male,2025-12-09 13:11:46.223087,0.06570841889117043,0.7153959819657586,False,True,Active
32,1,46,Adult (40-59),Female,2025-01-19 13:11:46.223087,0.9527720739219713,0.7822442574508008,False,False,Active
33,1,84,Senior (60+),Female,2024-03-08 13:11:46.223087,1.8206707734428473,0.7373140117772071,True,False,Active
34,1,66,Senior (60+),Male,2024-01-10 13:11:46.223087,1.9794661190965093,0.8078684483831301,False,True,Active
35,1,43,Adult (40-59),Female,2024-02-04 13:11:46.223087,1.9110198494182067,0.8354215577252513,True,True,Active
36,1,50,Adult (40-59),Male,2024-08-09 13:11:46.223087,1.3990417522245038,0.9221461166512687,False,False,Active
37,1,58,Adult (40-59),Female,2024-09-07 13:11:46.223087,1.319644079397673,0.794421562094146,False,True,Active
38,1,52,Adult (40-59),Female,2025-03-19 13:11:46.223087,0.7912388774811773,0.8175230342807256,False,False,Active
39,1,54,Adult (40-59),Male,2025-11-22 13:11:46.223087,0.11225188227241616,0.8906037917790355,True,False,Inactive
40,1,68,Senior (60+),Male,2024-04-23 13:11:46.223087,1.6947296372347707,0.8943564165441922,True,False,Active
41,1,27,Young Adult (25-39),Female,2024-07-08 13:11:46.223087,1.486652977412731,0.6573773894709066,False,False,Active
42,1,57,Adult (40-59),Male,2025-07-19 13:11:46.223087,0.45722108145106094,0.8505358046457723,True,False,Inactive
43,1,53,Adult (40-59),Male,2024-04-07 13:11:46.223087,1.7385352498288844,0.8478905520555126,True,False,Active
44,1,65,Senior (60+),Male,2025-02-16 13:11:46.223087,0.8761122518822724,0.7484110543023,True,True,Active
45,1,93,Senior (60+),Female,2025-04-12 13:11:46.223087,0.7255304585900069,0.8456432697223719,False,False,New
46,1,79,Senior (60+),Female,2025-07-25 13:11:46.223087,0.4407939767282683,0.8264611661187159,True,True,New
47,1,74,Senior (60+),Male,2025-08-18 13:11:46.223087,0.3750855578370979,0.8670604991178477,False,True,Active
48,1,95,Senior (60+),Male,2025-05-31 13:11:46.223087,0.5913757700205339,0.7373037020799709,True,False,Inactive
49,1,60,Senior (60+),Male,2024-03-13 13:11:46.223087,1.8069815195071868,0.7033175657855711,False,True,Active
50,1,46,Adult (40-59),Male,2025-08-08 13:11:46.223087,0.4024640657084189,0.7952991550395876,False,True,Active
51,1,37,Young Adult (25-39),Female,2025-11-06 13:11:46.223087,0.15605749486652978,0.7273470692601075,False,True,Active
52,1,70,Senior (60+),Female,2024-09-03 13:11:46.223087,1.3305954825462012,0.7275041888291987,False,False,Active
53,1,41,Adult (40-59),Male,2024-11-21 13:11:46.223087,1.1143052703627652,0.9254678706761962,True,False,Active
54,1,50,Adult (40-59),Male,2024-04-14 13:11:46.223087,1.7193702943189597,0.8819968092068358,False,False,Active
55,1,63,Senior (60+),Male,2024-12-25 13:11:46.223087,1.0212183436002737,0.7483704581800903,False,True,Active
56,1,95,Senior (60+),Female,2025-07-12 13:11:46.223087,0.47638603696098564,0.8794431515906653,False,False,Active
57,1,64,Senior (60+),Female,2024-01-11 13:11:46.223087,1.9767282683093772,0.7698419149225322,False,True,Inactive
58,1,80,Senior (60+),Male,2024-09-29 13:11:46.223087,1.2594113620807665,0.8794220519905154,False,False,Active
59,1,64,Senior (60+),Male,2024-10-17 13:11:46.223087,1.2101300479123889,0.7168279929990097,False,True,Active
60,1,67,Senior (60+),Female,2024-09-29 13:11:46.223087,1.2594113620807665,0.8797108377054159,True,False,Active
61,1,65,Senior (60+),Female,2025-10-13 13:11:46.223087,0.22176591375770022,0.7321616102834997,False,True,Active
62,1,42,Adult (40-59),Female,2024-05-15 13:11:46.223087,1.6344969199178645,0.8883790395385386,True,True,Active
63,1,35,Young Adult (25-39),Male,2025-07-30 13:11:46.223087,0.4271047227926078,0.69744981749936,True,False,Active
64,1,76,Senior (60+),Male,2024-06-03 13:11:46.223087,1.5824777549623545,0.8492982810236048,False,False,Active
65,1,86,Senior (60+),Male,2024-05-12 13:11:46.223087,1.6427104722792607,0.8136617206670943,True,False,Inactive
66,1,68,Senior (60+),Female,2024-02-12 13:11:46.223087,1.88911704312115,0.7735431606118867,True,True,Active
67,1,39,Young Adult (25-39),Female,2025-07-29 13:11:46.223087,0.42984257357973993,0.7286195449333521,False,False,New
68,1,41,Adult (40-59),Male,2024-09-01 13:11:46.223087,1.3360711841204653,0.8762277251994526,False,False,Inactive
69,1,58,Adult (40-59),Male,2024-01-28 13:11:46.223087,1.9301848049281314,0.8485035387637727,False,True,New
70,1,95,Senior (60+),Male,2025-11-18 13:11:46.223087,0.12320328542094455,0.844490423052301,True,False,Active
71,1,37,Young Adult (25-39),Female,2024-02-11 13:11:46.223087,1.891854893908282,0.8407857154005174,True,False,Active
72,1,71,Senior (60+),Male,2024-11-10 13:11:46.223087,1.1444216290212184,0.7740317400510889,True,False,Active
73,1,70,Senior (60+),Male,2024-10-14 13:11:46.223087,1.218343600273785,0.8706018910934721,False,True,Active
74,1,56,Adult (40-59),Female,2025-02-15 13:11:46.223087,0.8788501026694046,0.827019545720385,False,True,New
75,1,48,Adult (40-59),Female,2024-07-03 13:11:46.223087,1.5003422313483916,0.86136025249167,True,False,Active
76,1,82,Senior (60+),Female,2024-11-19 13:11:46.223087,1.1197809719370295,0.8392059593349945,False,False,Active
77,1,40,Adult (40-59),Male,2025-08-15 13:11:46.223087,0.38329911019849416,0.9480107700208527,True,False,Active
78,1,61,Senior (60+),Male,2025-07-07 13:11:46.223087,0.49007529089664614,0.8036659304727474,False,True,Active
79,1,67,Senior (60+),Female,2024-12-06 13:11:46.223087,1.0732375085557837,0.8404968167974218,False,True,New
80,1,73,Senior (60+),Female,2025-06-05 13:11:46.223087,0.5776865160848734,0.7587183688528987,False,True,Active
81,1,71,Senior (60+),Male,2025-07-23 13:11:46.223087,0.4462696783025325,0.8826481105112942,True,False,Active
82,1,71,Senior (60+),Female,2024-06-29 13:11:46.223087,1.51129363449692,0.8003032589374399,False,False,Active
83,1,73,Senior (60+),Female,2024-08-05 13:11:46.223087,1.4099931553730323,0.8591585338872202,False,False,Active
84,1,92,Senior (60+),Female,2025-03-30 13:11:46.223087,0.7611225188227242,0.7675990313703072,False,False,Inactive
85,1,41,Adult (40-59),Male,2024-06-24 13:11:46.223087,1.5249828884325805,0.7571884547593484,True,False,Active
86,1,52,Adult (40-59),Male,2024-04-07 13:11:46.223087,1.7385352498288844,0.8585289269415153,False,True,Active
87,1,77,Senior (60+),Male,2024-01-28 13:11:46.223087,1.9301848049281314,0.7074696377498428,True,False,Inactive
88,1,30,Young Adult (25-39),Female,2024-03-17 13:11:46.223087,1.7960301163586585,0.7220381282822526,False,False,Active
89,1,59,Adult (40-59),Female,2025-12-16 13:11:46.223087,0.04654346338124572,0.7931642054993686,False,True,Active
90,1,36,Young Adult (25-39),Male,2024-01-08 13:11:46.223087,1.9849418206707734,0.6670694929987536,False,True,Inactive
91,1,59,Adult (40-59),Female,2025-12-15 13:11:46.223087,0.049281314168377825,0.8774859802996413,True,True,Inactive
92,1,44,Adult (40-59),Male,2025-04-14 13:11:46.223087,0.7200547570157426,0.9451704158925069,False,False,New
93,1,26,Young Adult (25-39),Female,2025-09-03 13:11:46.223087,0.33127994524298426,0.7041664502524149,False,False,Active
94,1,62,Senior (60+),Female,2025-06-02 13:11:46.223087,0.5859000684462696,0.7156912762684532,False,False,Inactive
95,1,71,Senior (60+),Female,2025-05-03 13:11:46.223087,0.6680355920602327,0.7346588640141691,True,True,Active
96,1,83,Senior (60+),Female,2025-06-19 13:11:46.223087,0.5393566050650239,0.750048579632919,False,True,Active
97,1,95,Senior (60+),Male,2024-10-21 13:11:46.223087,1.1991786447638604,0.7559867793891886,True,True,Active
98,1,68,Senior (60+),Male,2024-05-23 13:11:46.223087,1.6125941136208077,0.8475793833391537,True,False,Active
99,1,95,Senior (60+),Female,2024-03-08 13:11:46.223087,1.8206707734428473,0.7495461979002315,False,False,Active
100,1,88,Senior (60+),Female,2024-08-01 13:11:46.223087,1.4209445585215605,0.8515692220928739,False,False,New
101,1,69,Senior (60+),Female,2024-01-23 13:11:46.223087,1.943874058863792,0.7195668321302002,False,False,Active
102,1,80,Senior (60+),Female,2025-02-05 13:11:46.223087,0.9062286105407256,0.7946943541561131,False,False,Inactive
103,1,52,Adult (40-59),Female,2024-08-15 13:11:46.223087,1.3826146475017111,0.8731700196104433,True,True,Active
104,1,34,Young Adult (25-39),Female,2024-12-12 13:11:46.223087,1.056810403832991,0.659060801954409,False,False,New
105,1,95,Senior (60+),Male,2025-10-01 13:11:46.223087,0.2546201232032854,0.8712979682376645,False,False,Active
106,1,32,Young Adult (25-39),Female,2024-03-28 13:11:46.223087,1.7659137577002053,0.682586885416286,True,False,Active
107,1,63,Senior (60+),Female,2025-01-25 13:11:46.223087,0.9363449691991786,0.8171551162546926,True,True,Inactive
108,1,45,Adult (40-59),Female,2025-01-25 13:11:46.223087,0.9363449691991786,0.8650948355751757,False,False,Active
109,1,95,Senior (60+),Female,2024-03-26 13:11:46.223087,1.7713894592744694,0.809123357863187,True,False,New
110,1,34,Young Adult (25-39),Male,2024-12-26 13:11:46.223087,1.0184804928131417,0.7272205275601549,False,False,Active
111,1,65,Senior (60+),Male,2024-02-03 13:11:46.223087,1.9137577002053388,0.7637951260587522,True,True,Active
112,1,44,Adult (40-59),Female,2024-05-11 13:11:46.223087,1.6454483230663928,0.7546543871471652,False,False,Active
113,1,45,Adult (40-59),Female,2025-12-19 13:11:46.223087,0.038329911019849415,0.8893474330728302,False,True,Active
114,1,82,Senior (60+),Male,2024-04-29 13:11:46.223087,1.678302532511978,0.8754944027054106,False,True,Active
115,1,81,Senior (60+),Female,2024-11-17 13:11:46.223087,1.1252566735112937,0.7354879087559445,False,False,Active
116,1,75,Senior (60+),Male,2025-12-10 13:11:46.223087,0.06297056810403832,0.8613669478534528,True,False,Inactive
117,1,57,Adult (40-59),Male,2025-09-08 13:11:46.223087,0.31759069130732376,0.9052825921483993,False,False,Active
118,1,60,Senior (60+),Female,2025-07-01 13:11:46.223087,0.5065023956194388,0.886151465120713,False,True,Active
119,1,52,Adult (40-59),Female,2024-01-15 13:11:46.223087,1.9657768651608487,0.9009085748169364,False,True,New
120,1,91,Senior (60+),Female,2025-10-14 13:11:46.223087,0.2190280629705681,0.8805105813359133,False,True,Active
121,1,95,Senior (60+),Female,2025-10-30 13:11:46.223087,0.17522245037645448,0.8791046456992401,False,False,Inactive
122,1,58,Adult (40-59),Female,2025-04-23 13:11:46.223087,0.6954140999315537,0.7521675302960596,False,False,Active
123,1,66,Senior (60+),Male,2024-09-10 13:11:46.223087,1.3114305270362765,0.8146875776246572,True,False,Inactive
124,1,54,Adult (40-59),Female,2025-08-08 13:11:46.223087,0.4024640657084189,0.8396891043956639,True,False,Active
125,1,38,Young Adult (25-39),Male,2025-05-16 13:11:46.223087,0.6324435318275154,0.800474905887536,False,True,Active
126,1,35,Young Adult (25-39),Female,2025-09-04 13:11:46.223087,0.32854209445585214,0.8079236285589108,False,False,Active
127,1,57,Adult (40-59),Female,2024-09-06 13:11:46.223087,1.322381930184805,0.8599057764647471,False,False,Active
128,1,39,Young Adult (25-39),Female,2025-10-25 13:11:46.223087,0.188911704312115,0.8275408365516599,False,True,Active
129,1,40,Adult (40-59),Male,2025-02-20 13:11:46.223087,0.865160848733744,0.9023021263434944,True,False,Active
130,1,50,Adult (40-59),Female,2025-06-29 13:11:46.223087,0.5119780971937029,0.770224535224558,False,False,Active
131,1,64,Senior (60+),Female,2025-12-22 13:11:46.223087,0.030116358658453114,0.8643720118580712,True,True,Active
132,1,46,Adult (40-59),Female,2024-07-18 13:11:46.223087,1.45927446954141,0.76626975612838,True,False,Inactive
133,1,31,Young Adult (25-39),Male,2024-07-10 13:11:46.223087,1.4811772758384667,0.8394497154767717,True,False,Active
134,1,43,Adult (40-59),Female,2025-06-23 13:11:46.223087,0.5284052019164955,0.9054293831854874,False,False,Active
135,1,95,Senior (60+),Male,2025-01-06 13:11:46.223087,0.9883641341546886,0.7848444018493952,True,False,Active
136,1,51,Adult (40-59),Male,2024-02-18 13:11:46.223087,1.8726899383983573,0.7612606551363674,False,False,Active
137,1,57,Adult (40-59),Male,2025-05-19 13:11:46.223087,0.6242299794661191,0.773505249355421,False,False,Active
138,1,95,Senior (60+),Female,2025-03-29 13:11:46.223087,0.7638603696098563,0.8924345096949085,True,True,New
139,1,80,Senior (60+),Male,2025-05-06 13:11:46.223087,0.6598220396988365,0.7571424172563721,False,True,Active
140,1,50,Adult (40-59),Male,2025-10-08 13:11:46.223087,0.23545516769336072,0.7524308949379632,True,False,New
141,1,70,Senior (60+),Male,2024-03-30 13:11:46.223087,1.7604380561259412,0.7086319823901152,True,False,Active
142,1,59,Adult (40-59),Male,2025-09-27 13:11:46.223087,0.2655715263518138,0.7647593129470798,False,True,New
143,1,87,Senior (60+),Female,2024-11-02 13:11:46.223087,1.1663244353182751,0.8938605071238198,True,False,Active
144,1,95,Senior (60+),Male,2024-04-13 13:11:46.223087,1.7221081451060918,0.7909082129535546,False,True,Active
145,1,68,Senior (60+),Male,2024-09-04 13:11:46.223087,1.3278576317590691,0.81686286238462,False,True,Active
146,1,55,Adult (40-59),Female,2025-12-08 13:11:46.223087,0.06844626967830253,0.8054762365962265,True,True,Active
147,1,86,Senior (60+),Female,2025-12-22 13:11:46.223087,0.030116358658453114,0.7927396809879964,True,True,Active
148,1,88,Senior (60+),Male,2025-10-04 13:11:46.223087,0.2464065708418891,0.8948789615332333,False,False,Active
149,1,66,Senior (60+),Male,2024-10-01 13:11:46.223087,1.2539356605065024,0.8627590039413897,True,True,Active
150,1,95,Senior (60+),Female,2025-08-07 13:11:46.223087,0.405201916495551,0.7325233878689782,False,False,Active
151,1,33,Young Adult (25-39),Female,2025-02-18 13:11:46.223087,0.8706365503080082,0.8232127779000816,False,False,Active
152,1,95,Senior (60+),Female,2024-02-12 13:11:46.223087,1.88911704312115,0.7052733948994504,False,False,Active
153,1,94,Senior (60+),Male,2024-08-24 13:11:46.223087,1.3579739904175223,0.7300833782207056,False,False,Active
154,1,47,Adult (40-59),Male,2024-02-13 13:11:46.223087,1.8863791923340179,0.8261781713262043,False,False,New
155,1,55,Adult (40-59),Female,2024-07-06 13:11:46.223087,1.4921286789869952,0.8046814143861413,False,False,Active
156,1,95,Senior (60+),Female,2024-12-24 13:11:46.223087,1.0239561943874058,0.8729444752510107,True,False,Inactive
157,1,58,Adult (40-59),Female,2024-12-05 13:11:46.223087,1.0759753593429158,0.9389531459764855,False,True,New
158,1,59,Adult (40-59),Male,2025-07-19 13:11:46.223087,0.45722108145106094,0.7994696203486396,False,True,Active
159,1,37,Young Adult (25-39),Male,2025-02-19 13:11:46.223087,0.8678986995208761,0.771234926890176,False,False,Active
160,1,54,Adult (40-59),Female,2024-07-13 13:11:46.223087,1.4729637234770705,0.8843401368811713,False,False,Active
161,1,30,Young Adult (25-39),Male,2024-02-24 13:11:46.223087,1.8562628336755647,0.7843146391185599,True,True,Active
162,1,95,Senior (60+),Female,2025-12-18 13:11:46.223087,0.04106776180698152,0.8544636783471279,True,False,Active
163,1,94,Senior (60+),Male,2024-09-04 13:11:46.223087,1.3278576317590691,0.8121875943070772,True,True,Active
164,1,59,Adult (40-59),Male,2024-08-20 13:11:46.223087,1.3689253935660506,0.8306965732424794,False,True,Inactive
165,1,75,Senior (60+),Female,2025-05-27 13:11:46.223087,0.6023271731690623,0.7425928323017821,False,True,Inactive
166,1,95,Senior (60+),Male,2025-04-30 13:11:46.223087,0.676249144421629,0.7029089331335764,False,True,Active
167,1,89,Senior (60+),Male,2025-09-07 13:11:46.223087,0.3203285420944558,0.7874949844047459,False,True,Inactive
168,1,28,Young Adult (25-39),Female,2025-03-02 13:11:46.223087,0.837782340862423,0.71965109340466,False,False,Inactive
169,1,95,Senior (60+),Female,2024-10-18 13:11:46.223087,1.2073921971252566,0.8244173400455747,False,False,Active
170,1,59,Adult (40-59),Female,2024-06-03 13:11:46.223087,1.5824777549623545,0.9399041247315284,False,True,Active
171,1,29,Young Adult (25-39),Female,2025-07-12 13:11:46.223087,0.47638603696098564,0.8460065150570955,False,True,Active
172,1,56,Adult (40-59),Male,2025-12-17 13:11:46.223087,0.04380561259411362,0.8157503220575016,False,True,Inactive
173,1,33,Young Adult (25-39),Female,2024-02-16 13:11:46.223087,1.8781656399726214,0.6757759443821298,False,False,Inactive
174,1,76,Senior (60+),Male,2025-02-01 13:11:46.223087,0.917180013689254,0.7303805387024589,False,True,Active
175,1,67,Senior (60+),Female,2025-08-29 13:11:46.223087,0.34496919917864477,0.7691334566647726,False,False,Active
176,1,39,Young Adult (25-39),Female,2025-06-24 13:11:46.223087,0.5256673511293635,0.7447923280525744,True,True,Inactive
177,1,38,Young Adult (25-39),Male,2024-06-09 13:11:46.223087,1.566050650239562,0.6581737232532958,False,False,Active
178,1,71,Senior (60+),Female,2025-12-12 13:11:46.223087,0.057494866529774126,0.7557180678063917,False,False,Inactive
179,1,55,Adult (40-59),Female,2025-07-02 13:11:46.223087,0.5037645448323066,0.8228539722096151,False,False,Inactive
180,1,37,Young Adult (25-39),Male,2025-05-16 13:11:46.223087,0.6324435318275154,0.7880789657258731,False,True,Active
181,1,43,Adult (40-59),Male,2024-10-23 13:11:46.223087,1.1937029431895962,0.9341744801063626,False,True,Active
182,1,63,Senior (60+),Male,2025-10-12 13:11:46.223087,0.2245037645448323,0.7553755296294408,False,False,New
183,1,75,Senior (60+),Female,2024-02-19 13:11:46.223087,1.8699520876112252,0.7418698646673421,False,True,Active
184,1,79,Senior (60+),Male,2024-05-31 13:11:46.223087,1.5906913073237507,0.7969045970382043,False,False,Inactive
185,1,31,Young Adult (25-39),Male,2024-06-25 13:11:46.223087,1.5222450376454484,0.7994941876267513,True,False,Active
186,1,95,Senior (60+),Female,2024-09-05 13:11:46.223087,1.325119780971937,0.7504873888688042,False,True,Active
187,1,73,Senior (60+),Female,2024-09-19 13:11:46.223087,1.2867898699520877,0.8064226970530631,True,True,Inactive
188,1,66,Senior (60+),Male,2024-10-23 13:11:46.223087,1.1937029431895962,0.7894824733646909,True,False,New
189,1,30,Young Adult (25-39),Female,2024-11-04 13:11:46.223087,1.160848733744011,0.7254568326209245,False,False,Active
190,1,63,Senior (60+),Female,2025-01-30 13:11:46.223087,0.9226557152635181,0.7644158331166356,True,True,Active
191,1,44,Adult (40-59),Female,2024-10-31 13:11:46.223087,1.1718001368925393,0.9281054561479789,True,False,Active
192,1,36,Young Adult (25-39),Male,2024-01-11 13:11:46.223087,1.9767282683093772,0.7858204638288979,False,False,Inactive
193,1,57,Adult (40-59),Male,2024-10-22 13:11:46.223087,1.1964407939767283,0.8574213083637096,False,True,Active
194,1,95,Senior (60+),Female,2025-09-29 13:11:46.223087,0.2600958247775496,0.849087894836866,False,False,Active
195,1,37,Young Adult (25-39),Male,2024-05-22 13:11:46.223087,1.6153319644079398,0.7226164592797271,False,False,Active
196,1,53,Adult (40-59),Male,2025-03-29 13:11:46.223087,0.7638603696098563,0.8641556609337824,False,False,Active
197,1,32,Young Adult (25-39),Female,2024-10-31 13:11:46.223087,1.1718001368925393,0.6805718278368664,False,True,Active
198,1,73,Senior (60+),Female,2025-07-08 13:11:46.223087,0.487337440109514,0.7321362746519111,False,False,Inactive
199,1,45,Adult (40-59),Female,2024-09-22 13:11:46.223087,1.2785763175906912,0.929353084925285,False,True,Inactive
200,1,40,Adult (40-59),Female,2024-04-29 13:11:46.223087,1.678302532511978,0.8549022779140509,False,True,New
201,1,64,Senior (60+),Female,2025-11-25 13:11:46.223087,0.10403832991101986,0.7795711198091483,False,False,Active
202,1,56,Adult (40-59),Male,2025-02-10 13:11:46.223087,0.892539356605065,0.923101425178796,True,True,Active
203,1,45,Adult (40-59),Female,2025-11-21 13:11:46.223087,0.11498973305954825,0.8837286439848862,False,False,New
204,1,79,Senior (60+),Male,2024-04-22 13:11:46.223087,1.6974674880219027,0.811352578602786,False,False,New
205,1,29,Young Adult (25-39),Male,2024-12-03 13:11:46.223087,1.08145106091718,0.6874087497115047,False,False,Active
206,1,72,Senior (60+),Female,2025-12-20 13:11:46.223087,0.03559206023271732,0.7850872877232833,False,True,Active
207,1,29,Young Adult (25-39),Female,2024-02-10 13:11:46.223087,1.894592744695414,0.7721240084883265,False,True,Active
208,1,59,Adult (40-59),Male,2025-07-06 13:11:46.223087,0.4928131416837782,0.8662476442845224,False,True,New
209,1,56,Adult (40-59),Female,2025-12-16 13:11:46.223087,0.04654346338124572,0.7603647073644854,False,False,Inactive
210,1,35,Young Adult (25-39),Male,2025-11-03 13:11:46.223087,0.16427104722792607,0.6768829353877949,False,False,New
211,1,88,Senior (60+),Male,2024-10-15 13:11:46.223087,1.215605749486653,0.8363005444447859,False,True,Active
212,1,45,Adult (40-59),Female,2024-08-31 13:11:46.223087,1.3388090349075976,0.8691277481215688,True,False,Active
213,1,22,Youth (18-24),Female,2025-10-24 13:11:46.223087,0.19164955509924708,0.7323822860619564,True,True,New
214,1,41,Adult (40-59),Male,2025-04-12 13:11:46.223087,0.7255304585900069,0.9430053821333024,False,False,Active
215,1,67,Senior (60+),Male,2024-01-24 13:11:46.223087,1.9411362080766599,0.736246613233132,False,True,Active
216,1,44,Adult (40-59),Male,2025-08-03 13:11:46.223087,0.4161533196440794,0.8982241298580118,True,False,Active
217,1,93,Senior (60+),Male,2024-08-11 13:11:46.223087,1.3935660506502396,0.8590534623719781,True,True,New
218,1,64,Senior (60+),Female,2024-01-05 13:11:46.223087,1.9931553730321698,0.7327311885731409,False,True,Active
219,1,68,Senior (60+),Male,2024-09-15 13:11:46.223087,1.297741273100616,0.8046130849538239,True,False,Active
220,1,48,Adult (40-59),Male,2025-01-03 13:11:46.223087,0.9965776865160849,0.9254401081626216,False,True,Active
221,1,95,Senior (60+),Female,2024-05-11 13:11:46.223087,1.6454483230663928,0.7753888858849814,False,False,Active
222,1,48,Adult (40-59),Male,2025-01-07 13:11:46.223087,0.9856262833675564,0.8102755748328284,False,True,Active
223,1,58,Adult (40-59),Female,2025-11-07 13:11:46.223087,0.15331964407939766,0.9299149146549137,False,False,Active
224,1,95,Senior (60+),Female,2025-05-07 13:11:46.223087,0.6570841889117043,0.8087105722227977,False,True,Active
225,1,64,Senior (60+),Male,2025-04-01 13:11:46.223087,0.75564681724846,0.887966424722695,False,True,Active
226,1,80,Senior (60+),Female,2024-05-11 13:11:46.223087,1.6454483230663928,0.7669811229314172,False,False,Active
227,1,66,Senior (60+),Female,2025-01-27 13:11:46.223087,0.9308692676249144,0.8066922183952643,False,False,Active
228,1,48,Adult (40-59),Male,2025-12-21 13:11:46.223087,0.03285420944558522,0.9077194422449061,False,False,Inactive
229,1,47,Adult (40-59),Female,2024-08-10 13:11:46.223087,1.3963039014373717,0.8987892585145354,False,True,Active
230,1,40,Adult (40-59),Female,2025-04-11 13:11:46.223087,0.7282683093771389,0.8639779369742633,False,True,Active
231,1,70,Senior (60+),Female,2025-11-14 13:11:46.223087,0.13415468856947296,0.8642514609344025,False,True,New
232,1,66,Senior (60+),Male,2024-03-11 13:11:46.223087,1.8124572210814511,0.8692904583469037,False,True,Active
233,1,51,Adult (40-59),Male,2025-01-18 13:11:46.223087,0.9555099247091033,0.7799834854697547,False,False,Active
234,1,38,Young Adult (25-39),Male,2024-12-05 13:11:46.223087,1.0759753593429158,0.7944505136786133,False,False,New
235,1,83,Senior (60+),Male,2025-03-11 13:11:46.223087,0.813141683778234,0.8085448886695192,False,False,Active
236,1,95,Senior (60+),Male,2025-08-16 13:11:46.223087,0.3805612594113621,0.7691391987007838,True,False,Inactive
237,1,28,Young Adult (25-39),Female,2024-12-26 13:11:46.223087,1.0184804928131417,0.8394566679223631,True,True,Active
238,1,95,Senior (60+),Male,2025-03-17 13:11:46.223087,0.7967145790554415,0.8172459664033594,False,False,Active
239,1,95,Senior (60+),Male,2024-02-01 13:11:46.223087,1.919233401779603,0.8744247817888303,True,False,New
240,1,61,Senior (60+),Male,2024-12-27 13:11:46.223087,1.0157426420260096,0.8130266367178418,True,True,Active
241,1,70,Senior (60+),Male,2024-03-14 13:11:46.223087,1.8042436687200547,0.7305078085828522,False,False,Active
242,1,63,Senior (60+),Male,2025-06-29 13:11:46.223087,0.5119780971937029,0.8213430092765712,False,False,Active
243,1,95,Senior (60+),Female,2024-11-17 13:11:46.223087,1.1252566735112937,0.8851137025813552,False,False,Active
244,1,46,Adult (40-59),Male,2024-02-25 13:11:46.223087,1.8535249828884326,0.772647609168151,True,False,Active
245,1,59,Adult (40-59),Female,2024-10-07 13:11:46.223087,1.2375085557837098,0.8298005407740261,False,False,Active
246,1,91,Senior (60+),Male,2024-10-08 13:11:46.223087,1.2347707049965777,0.7670394483291801,False,True,Active
247,1,37,Young Adult (25-39),Female,2024-10-19 13:11:46.223087,1.2046543463381245,0.8339711232825521,False,True,Active
248,1,29,Young Adult (25-39),Male,2025-09-07 13:11:46.223087,0.3203285420944558,0.7193906403792456,True,True,Active
249,1,50,Adult (40-59),Female,2024-05-22 13:11:46.223087,1.6153319644079398,0.8404879032265387,True,True,Active
250,1,95,Senior (60+),Male,2025-03-18 13:11:46.223087,0.7939767282683093,0.7352773973012446,True,False,Active
251,2,56,Adult (40-59),Female,2025-07-28 13:11:46.223087,0.432580424366872,0.8661176700556087,True,False,Active
252,2,37,Young Adult (25-39),Female,2024-01-22 13:11:46.223087,1.946611909650924,0.6797325455506226,False,False,Active
253,2,72,Senior (60+),Female,2025-08-12 13:11:46.223087,0.3915126625598905,0.7170699336157287,False,True,Active
254,2,58,Adult (40-59),Female,2024-01-24 13:11:46.223087,1.9411362080766599,0.7634152954776855,True,False,Active
255,2,62,Senior (60+),Female,2025-12-09 13:11:46.223087,0.06570841889117043,0.7419811186191171,True,False,Active
256,2,55,Adult (40-59),Female,2025-08-28 13:11:46.223087,0.34770704996577684,0.757309933569619,False,True,Active
257,2,61,Senior (60+),Male,2024-12-15 13:11:46.223087,1.0485968514715949,0.8129682266525233,True,True,Active
258,2,95,Senior (60+),Male,2024-04-28 13:11:46.223087,1.68104038329911,0.7801526121750652,False,True,Active
259,2,21,Youth (18-24),Male,2025-10-24 13:11:46.223087,0.19164955509924708,0.5388100614826781,True,True,Active
260,2,65,Senior (60+),Male,2025-09-10 13:11:46.223087,0.31211498973305957,0.7746618632559505,False,False,Active
261,2,52,Adult (40-59),Female,2025-10-07 13:11:46.223087,0.23819301848049282,0.8787999086478031,False,False,Active
262,2,49,Adult (40-59),Female,2025-11-30 13:11:46.223087,0.09034907597535935,0.8931944457694795,False,False,Active
263,2,56,Adult (40-59),Female,2024-03-12 13:11:46.223087,1.809719370294319,0.7554191985006967,False,True,Active
264,2,43,Adult (40-59),Female,2024-02-29 13:11:46.223087,1.842573579739904,0.7539421075508729,False,True,Active
265,2,42,Adult (40-59),Female,2024-03-01 13:11:46.223087,1.839835728952772,0.9099832170746378,False,True,Inactive
266,2,71,Senior (60+),Female,2024-04-04 13:11:46.223087,1.7467488021902806,0.719888278551869,False,False,Inactive
267,2,37,Young Adult (25-39),Female,2024-02-14 13:11:46.223087,1.8836413415468858,0.7944533863711318,False,False,Active
268,2,64,Senior (60+),Female,2025-09-13 13:11:46.223087,0.30390143737166325,0.8336170273141292,False,False,Active
269,2,64,Senior (60+),Male,2024-12-19 13:11:46.223087,1.0376454483230664,0.7586295460522027,False,True,Active
270,2,29,Young Adult (25-39),Female,2025-03-26 13:11:46.223087,0.7720739219712526,0.8134887123476882,False,False,Active
271,2,95,Senior (60+),Female,2024-10-18 13:11:46.223087,1.2073921971252566,0.7518846866862585,False,True,Active
272,2,95,Senior (60+),Female,2025-10-10 13:11:46.223087,0.2299794661190965,0.8248297815698268,True,True,Active
273,2,28,Young Adult (25-39),Female,2024-10-19 13:11:46.223087,1.2046543463381245,0.760409436170396,False,False,New
274,2,28,Young Adult (25-39),Female,2024-06-04 13:11:46.223087,1.5797399041752225,0.8027211588319522,True,False,New
275,2,46,Adult (40-59),Female,2024-11-15 13:11:46.223087,1.1307323750855578,0.9236935951795825,True,False,Active
276,2,86,Senior (60+),Female,2025-07-28 13:11:46.223087,0.432580424366872,0.7850427008938466,False,True,Active
277,2,57,Adult (40-59),Male,2025-12-22 13:11:46.223087,0.030116358658453114,0.8037354718769892,False,True,Active
278,2,95,Senior (60+),Female,2025-01-08 13:11:46.223087,0.9828884325804244,0.7278712148145647,True,True,New
279,2,76,Senior (60+),Male,2025-05-14 13:11:46.223087,0.6379192334017796,0.8968804361407104,True,True,Active
280,2,34,Young Adult (25-39),Male,2024-04-15 13:11:46.223087,1.7166324435318274,0.6536781353094934,False,False,Active
281,2,60,Senior (60+),Female,2025-09-05 13:11:46.223087,0.3258042436687201,0.7235502165780282,True,True,Active
282,2,29,Young Adult (25-39),Male,2025-10-03 13:11:46.223087,0.24914442162902123,0.7802840776703728,False,True,Active
283,2,73,Senior (60+),Female,2024-09-02 13:11:46.223087,1.3333333333333333,0.7412842543521206,False,False,Inactive
284,2,95,Senior (60+),Male,2024-08-29 13:11:46.223087,1.3442847364818618,0.7350742557246899,True,False,Active
285,2,95,Senior (60+),Female,2024-07-19 13:11:46.223087,1.4565366187542779,0.7837541049784146,False,False,Active
286,2,68,Senior (60+),Female,2024-10-17 13:11:46.223087,1.2101300479123889,0.7332566737512158,False,True,Active
287,2,23,Youth (18-24),Male,2024-07-25 13:11:46.223087,1.4401095140314852,0.5206996669812816,False,True,Active
288,2,32,Young Adult (25-39),Male,2025-01-17 13:11:46.223087,0.9582477754962354,0.70773874735414,False,False,Active
289,2,73,Senior (60+),Male,2024-03-28 13:11:46.223087,1.7659137577002053,0.8438091810368491,True,False,Active
290,2,73,Senior (60+),Male,2025-03-25 13:11:46.223087,0.7748117727583846,0.8327342330725296,False,True,Active
291,2,28,Young Adult (25-39),Male,2024-12-25 13:11:46.223087,1.0212183436002737,0.79651441944205,False,True,Active
292,2,74,Senior (60+),Male,2025-02-01 13:11:46.223087,0.917180013689254,0.7992732494402472,False,True,New
293,2,31,Young Adult (25-39),Female,2025-10-29 13:11:46.223087,0.17796030116358658,0.7168487781633922,False,True,Active
294,2,49,Adult (40-59),Male,2025-04-30 13:11:46.223087,0.676249144421629,0.8956377512407206,False,False,Active
295,2,64,Senior (60+),Male,2024-03-24 13:11:46.223087,1.7768651608487338,0.8376804792855472,True,False,Active
296,2,30,Young Adult (25-39),Female,2025-09-17 13:11:46.223087,0.2929500342231348,0.8098831757937959,True,True,Active
297,2,48,Adult (40-59),Male,2024-02-20 13:11:46.223087,1.8672142368240932,0.8044290274459925,False,False,Active
298,2,28,Young Adult (25-39),Female,2024-04-25 13:11:46.223087,1.6892539356605065,0.8334627150924485,False,True,Active
299,2,93,Senior (60+),Male,2024-09-06 13:11:46.223087,1.322381930184805,0.8900474707641605,True,True,Active
300,2,33,Young Adult (25-39),Female,2025-08-09 13:11:46.223087,0.3997262149212868,0.8245891671752816,True,False,Active
301,2,52,Adult (40-59),Male,2025-01-06 13:11:46.223087,0.9883641341546886,0.91131222957229,False,False,Inactive
302,2,95,Senior (60+),Male,2025-06-05 13:11:46.223087,0.5776865160848734,0.7499336017718372,False,False,Active
303,2,90,Senior (60+),Female,2025-01-19 13:11:46.223087,0.9527720739219713,0.7442418883639205,False,True,Active
304,2,81,Senior (60+),Male,2024-09-05 13:11:46.223087,1.325119780971937,0.8394840534493679,False,False,Active
305,2,61,Senior (60+),Female,2024-02-17 13:11:46.223087,1.8754277891854894,0.8848792390753061,False,False,Active
306,2,92,Senior (60+),Female,2025-12-04 13:11:46.223087,0.07939767282683094,0.7638200946486511,False,False,Active
307,2,56,Adult (40-59),Male,2024-05-20 13:11:46.223087,1.620807665982204,0.7574015269430985,False,False,Active
308,2,32,Young Adult (25-39),Male,2024-07-27 13:11:46.223087,1.434633812457221,0.6653906403258418,False,False,Active
309,2,71,Senior (60+),Female,2024-11-15 13:11:46.223087,1.1307323750855578,0.7679749927536133,False,False,Active
310,2,51,Adult (40-59),Male,2025-10-26 13:11:46.223087,0.1861738535249829,0.8578982584750674,True,False,Active
311,2,61,Senior (60+),Female,2025-11-04 13:11:46.223087,0.16153319644079397,0.7637505005864139,True,False,Active
312,2,83,Senior (60+),Female,2025-02-15 13:11:46.223087,0.8788501026694046,0.7465918949507268,False,True,New
313,2,65,Senior (60+),Female,2025-05-25 13:11:46.223087,0.6078028747433265,0.874019774780186,False,False,Active
314,2,78,Senior (60+),Female,2024-03-27 13:11:46.223087,1.7686516084873374,0.8995868221066675,True,False,Inactive
315,2,59,Adult (40-59),Female,2025-07-14 13:11:46.223087,0.47091033538672145,0.9034376577862253,True,True,Active
316,2,46,Adult (40-59),Female,2024-11-11 13:11:46.223087,1.1416837782340863,0.9247354228372677,False,True,Active
317,2,48,Adult (40-59),Female,2024-12-27 13:11:46.223087,1.0157426420260096,0.8975164603177783,True,False,Active
318,2,95,Senior (60+),Female,2025-03-23 13:11:46.223087,0.7802874743326489,0.7220948226262789,False,False,Active
319,2,33,Young Adult (25-39),Female,2025-11-20 13:11:46.223087,0.11772758384668036,0.6967215502099819,False,False,Active
320,2,39,Young Adult (25-39),Male,2024-02-03 13:11:46.223087,1.9137577002053388,0.6535747869466828,False,False,Active
321,2,57,Adult (40-59),Male,2024-05-11 13:11:46.223087,1.6454483230663928,0.885929456538614,True,False,Active
322,2,64,Senior (60+),Male,2025-08-05 13:11:46.223087,0.4106776180698152,0.889992236790045,False,False,New
323,2,87,Senior (60+),Female,2025-01-17 13:11:46.223087,0.9582477754962354,0.7934803022499739,False,False,Active
324,2,52,Adult (40-59),Female,2025-02-13 13:11:46.223087,0.8843258042436687,0.783406789218415,False,True,Active
325,2,62,Senior (60+),Female,2024-07-11 13:11:46.223087,1.4784394250513346,0.8025377022033017,False,False,Active
326,2,71,Senior (60+),Female,2024-09-25 13:11:46.223087,1.270362765229295,0.7353056064011017,True,False,Active
327,2,44,Adult (40-59),Male,2025-05-19 13:11:46.223087,0.6242299794661191,0.8200250518333461,True,False,Active
328,2,45,Adult (40-59),Female,2026-01-02 13:11:46.223087,0.0,0.9438205260281622,False,False,New
329,2,95,Senior (60+),Female,2024-11-25 13:11:46.223087,1.103353867214237,0.7307791812679709,False,False,Active
330,2,45,Adult (40-59),Male,2024-11-05 13:11:46.223087,1.158110882956879,0.7948881143673321,False,False,Active
331,2,63,Senior (60+),Male,2025-01-07 13:11:46.223087,0.9856262833675564,0.8160172415675622,True,True,Active
332,2,31,Young Adult (25-39),Male,2025-05-22 13:11:46.223087,0.6160164271047228,0.8254921725260761,False,False,Active
333,2,44,Adult (40-59),Male,2025-07-20 13:11:46.223087,0.4544832306639288,0.9411302996459506,False,True,Active
334,2,49,Adult (40-59),Female,2025-05-07 13:11:46.223087,0.6570841889117043,0.9119032149449756,False,False,Active
335,2,76,Senior (60+),Male,2024-11-22 13:11:46.223087,1.111567419575633,0.7816906426141397,False,False,Active
336,2,95,Senior (60+),Male,2025-07-20 13:11:46.223087,0.4544832306639288,0.7519507567520652,False,True,Active
337,2,57,Adult (40-59),Male,2024-02-28 13:11:46.223087,1.8453114305270362,0.7940366403899622,False,True,Active
338,2,95,Senior (60+),Male,2025-12-29 13:11:46.223087,0.010951403148528405,0.71522617189806,True,False,Inactive
339,2,57,Adult (40-59),Female,2024-03-23 13:11:46.223087,1.7796030116358659,0.8684815569319035,True,False,Active
340,2,94,Senior (60+),Female,2025-10-04 13:11:46.223087,0.2464065708418891,0.7695618415804386,False,True,Active
341,2,77,Senior (60+),Male,2025-08-31 13:11:46.223087,0.3394934976043806,0.8757259972710316,True,False,New
342,2,95,Senior (60+),Male,2024-12-13 13:11:46.223087,1.054072553045859,0.8316903669316851,False,True,Active
343,2,81,Senior (60+),Female,2025-10-20 13:11:46.223087,0.2026009582477755,0.83602815435206,False,False,Active
344,2,71,Senior (60+),Male,2025-10-18 13:11:46.223087,0.2080766598220397,0.8505433279115282,False,False,Active
345,2,54,Adult (40-59),Female,2024-11-07 13:11:46.223087,1.1526351813826146,0.8987016512583215,True,False,Active
346,2,61,Senior (60+),Male,2025-04-11 13:11:46.223087,0.7282683093771389,0.8635934048238124,False,True,Active
347,2,58,Adult (40-59),Male,2025-04-22 13:11:46.223087,0.6981519507186859,0.8074076266349826,True,True,Inactive
348,2,95,Senior (60+),Female,2024-11-24 13:11:46.223087,1.106091718001369,0.8962372356054847,False,True,Active
349,2,33,Young Adult (25-39),Male,2025-07-31 13:11:46.223087,0.4243668720054757,0.7579970759431711,True,False,Active
350,2,79,Senior (60+),Male,2024-09-12 13:11:46.223087,1.3059548254620124,0.7213961277653916,True,True,Active
351,2,64,Senior (60+),Female,2025-09-24 13:11:46.223087,0.2737850787132101,0.7683744332077372,True,False,Active
352,2,95,Senior (60+),Female,2024-12-03 13:11:46.223087,1.08145106091718,0.8864056211020035,True,True,New
353,2,48,Adult (40-59),Female,2025-04-25 13:11:46.223087,0.6899383983572895,0.8916344177290563,False,False,Active
354,2,62,Senior (60+),Female,2025-02-08 13:11:46.223087,0.8980150581793293,0.8164340920352546,False,True,Active
355,2,94,Senior (60+),Female,2024-02-23 13:11:46.223087,1.8590006844626967,0.8743073612304753,False,False,Active
356,2,31,Young Adult (25-39),Female,2025-04-28 13:11:46.223087,0.6817248459958932,0.8437755710571383,False,False,Active
357,2,45,Adult (40-59),Female,2024-09-29 13:11:46.223087,1.2594113620807665,0.7549173832917603,False,True,Active
358,2,67,Senior (60+),Male,2025-08-08 13:11:46.223087,0.4024640657084189,0.7647220438299083,False,True,Active
359,2,95,Senior (60+),Female,2025-04-08 13:11:46.223087,0.7364818617385352,0.7891805412753496,False,False,Active
360,2,56,Adult (40-59),Male,2024-05-13 13:11:46.223087,1.6399726214921286,0.9494249000315422,False,False,Active
361,2,31,Young Adult (25-39),Male,2025-01-11 13:11:46.223087,0.974674880219028,0.8089619097499858,True,False,Active
362,2,24,Youth (18-24),Male,2024-02-18 13:11:46.223087,1.8726899383983573,0.5551924031971901,True,True,Active
363,2,64,Senior (60+),Male,2025-04-14 13:11:46.223087,0.7200547570157426,0.7546519053996419,False,False,Active
364,2,45,Adult (40-59),Female,2025-09-21 13:11:46.223087,0.28199863107460643,0.78021157835618,True,False,Active
365,2,76,Senior (60+),Female,2024-11-04 13:11:46.223087,1.160848733744011,0.8277051895328171,False,False,Active
366,2,55,Adult (40-59),Female,2025-08-01 13:11:46.223087,0.4216290212183436,0.804843040469734,False,True,Active
367,2,56,Adult (40-59),Female,2024-04-24 13:11:46.223087,1.6919917864476386,0.7959909211782172,False,False,Active
368,2,64,Senior (60+),Male,2025-12-07 13:11:46.223087,0.07118412046543464,0.7062268165769022,False,True,Active
369,2,34,Young Adult (25-39),Male,2025-08-17 13:11:46.223087,0.37782340862423,0.7446419813383114,False,False,Active
370,2,95,Senior (60+),Female,2025-10-08 13:11:46.223087,0.23545516769336072,0.7371051031406242,True,False,Active
371,2,66,Senior (60+),Male,2025-12-20 13:11:46.223087,0.03559206023271732,0.8689566456233775,True,True,Active
372,2,70,Senior (60+),Male,2025-02-28 13:11:46.223087,0.8432580424366872,0.8252440643262831,False,False,New
373,2,63,Senior (60+),Male,2024-03-06 13:11:46.223087,1.8261464750171115,0.79630447030251,False,False,New
374,2,78,Senior (60+),Female,2025-05-06 13:11:46.223087,0.6598220396988365,0.7250371584405101,True,True,New
375,2,43,Adult (40-59),Female,2024-12-18 13:11:46.223087,1.0403832991101984,0.8483189093482874,False,False,Active
376,2,95,Senior (60+),Female,2025-12-12 13:11:46.223087,0.057494866529774126,0.8163942803828798,False,True,Active
377,2,82,Senior (60+),Female,2025-07-27 13:11:46.223087,0.4353182751540041,0.7910440298163602,True,False,Active
378,2,44,Adult (40-59),Male,2024-10-24 13:11:46.223087,1.1909650924024642,0.7644893775589118,False,False,Active
379,2,47,Adult (40-59),Female,2025-07-29 13:11:46.223087,0.42984257357973993,0.8083325157418606,True,False,Active
380,2,23,Youth (18-24),Female,2025-02-10 13:11:46.223087,0.892539356605065,0.7150305992973012,False,False,Active
381,2,38,Young Adult (25-39),Male,2024-10-23 13:11:46.223087,1.1937029431895962,0.8473325186534293,True,True,Active
382,2,56,Adult (40-59),Male,2025-05-07 13:11:46.223087,0.6570841889117043,0.8497776306902712,True,False,New
383,2,95,Senior (60+),Female,2025-12-15 13:11:46.223087,0.049281314168377825,0.7019541694838367,True,False,Active
384,2,83,Senior (60+),Male,2024-09-07 13:11:46.223087,1.319644079397673,0.8035423286769423,False,False,Active
385,2,52,Adult (40-59),Male,2024-02-25 13:11:46.223087,1.8535249828884326,0.7657156994310041,False,False,Active
386,2,43,Adult (40-59),Male,2024-05-22 13:11:46.223087,1.6153319644079398,0.776543150808612,False,False,Active
387,2,95,Senior (60+),Female,2025-11-01 13:11:46.223087,0.1697467488021903,0.740030048848962,False,True,New
388,2,75,Senior (60+),Female,2024-11-26 13:11:46.223087,1.1006160164271048,0.72091356806688,False,False,Active
389,2,95,Senior (60+),Male,2025-08-12 13:11:46.223087,0.3915126625598905,0.887242449248738,False,False,New
390,2,85,Senior (60+),Female,2024-06-30 13:11:46.223087,1.5085557837097878,0.8082592670602141,False,True,New
391,2,77,Senior (60+),Female,2025-02-12 13:11:46.223087,0.8870636550308009,0.8603456166139584,True,False,Inactive
392,2,68,Senior (60+),Male,2024-10-25 13:11:46.223087,1.1882272416153319,0.8629650227493024,True,False,Active
393,2,95,Senior (60+),Female,2024-12-11 13:11:46.223087,1.0595482546201231,0.8287155390393051,False,False,Active
394,2,63,Senior (60+),Female,2024-05-19 13:11:46.223087,1.623545516769336,0.8463179043510664,True,False,Active
395,2,44,Adult (40-59),Female,2025-04-16 13:11:46.223087,0.7145790554414785,0.7938427974716089,False,True,Active
396,2,47,Adult (40-59),Male,2024-10-31 13:11:46.223087,1.1718001368925393,0.8173791583542214,True,False,Inactive
397,2,72,Senior (60+),Female,2025-03-15 13:11:46.223087,0.8021902806297057,0.7996391432906278,True,False,Active
398,2,45,Adult (40-59),Female,2024-05-25 13:11:46.223087,1.6071184120465434,0.8938403556544527,True,True,Active
399,2,58,Adult (40-59),Female,2024-08-31 13:11:46.223087,1.3388090349075976,0.8860456484862582,False,False,Active
400,2,61,Senior (60+),Male,2025-08-11 13:11:46.223087,0.3942505133470226,0.7061305004411612,True,True,Active
401,2,52,Adult (40-59),Male,2025-11-16 13:11:46.223087,0.12867898699520877,0.8954338139532616,False,True,Active
402,2,29,Young Adult (25-39),Female,2025-12-23 13:11:46.223087,0.02737850787132101,0.7350986668896151,False,False,New
403,2,34,Young Adult (25-39),Male,2025-01-13 13:11:46.223087,0.9691991786447639,0.6580218382824965,True,True,Active
404,2,31,Young Adult (25-39),Female,2025-09-14 13:11:46.223087,0.30116358658453113,0.7657350817144787,False,False,Active
405,2,95,Senior (60+),Male,2025-07-06 13:11:46.223087,0.4928131416837782,0.8746846476163321,False,False,Active
406,2,47,Adult (40-59),Female,2024-03-26 13:11:46.223087,1.7713894592744694,0.834344185374691,False,True,New
407,2,76,Senior (60+),Male,2024-04-26 13:11:46.223087,1.6865160848733745,0.7421324378011332,False,False,Active
408,2,30,Young Adult (25-39),Male,2025-07-05 13:11:46.223087,0.49555099247091033,0.7763120440185041,True,False,Active
409,2,44,Adult (40-59),Male,2025-11-29 13:11:46.223087,0.09308692676249145,0.9318065041331282,False,False,Inactive
410,2,68,Senior (60+),Male,2025-04-03 13:11:46.223087,0.7501711156741958,0.7475086649847755,False,False,Active
411,2,57,Adult (40-59),Female,2024-03-02 13:11:46.223087,1.83709787816564,0.9241499802545022,False,True,Active
412,2,94,Senior (60+),Male,2024-09-19 13:11:46.223087,1.2867898699520877,0.802963470785938,False,False,Active
413,2,93,Senior (60+),Male,2024-12-20 13:11:46.223087,1.0349075975359343,0.7782163073303521,False,True,Inactive
414,2,81,Senior (60+),Male,2025-04-30 13:11:46.223087,0.676249144421629,0.8546946251373202,True,True,Active
415,2,34,Young Adult (25-39),Female,2025-10-20 13:11:46.223087,0.2026009582477755,0.8439642090157089,False,False,Active
416,2,30,Young Adult (25-39),Female,2025-01-23 13:11:46.223087,0.9418206707734429,0.6839515810175082,True,False,Inactive
417,2,51,Adult (40-59),Female,2024-05-18 13:11:46.223087,1.626283367556468,0.8174006352862573,True,False,Active
418,2,51,Adult (40-59),Male,2024-05-12 13:11:46.223087,1.6427104722792607,0.873428997320806,False,False,New
419,2,95,Senior (60+),Female,2025-04-21 13:11:46.223087,0.7008898015058179,0.73340838158019,False,False,Active
420,2,82,Senior (60+),Male,2024-12-22 13:11:46.223087,1.0294318959616702,0.8688340897938395,True,False,Active
421,2,95,Senior (60+),Male,2024-04-27 13:11:46.223087,1.6837782340862424,0.8170708728793504,False,True,Inactive
422,2,51,Adult (40-59),Male,2024-01-19 13:11:46.223087,1.9548254620123204,0.8039499223033979,True,True,Active
423,2,68,Senior (60+),Male,2025-09-06 13:11:46.223087,0.32306639288158795,0.8062339056002064,True,True,Active
424,2,54,Adult (40-59),Male,2025-07-08 13:11:46.223087,0.487337440109514,0.8132312209953501,False,False,Active
425,2,37,Young Adult (25-39),Male,2024-10-25 13:11:46.223087,1.1882272416153319,0.6583145718100785,False,False,Active
426,2,61,Senior (60+),Female,2025-09-06 13:11:46.223087,0.32306639288158795,0.7909479711267718,True,False,New
427,2,70,Senior (60+),Male,2025-06-19 13:11:46.223087,0.5393566050650239,0.797769316051384,False,True,Active
428,2,40,Adult (40-59),Male,2025-08-30 13:11:46.223087,0.34223134839151265,0.8115859883182381,False,True,Active
429,2,68,Senior (60+),Female,2024-12-20 13:11:46.223087,1.0349075975359343,0.7403706904245897,False,True,Active
430,2,65,Senior (60+),Female,2024-06-03 13:11:46.223087,1.5824777549623545,0.8736284508755011,False,False,Active
431,2,44,Adult (40-59),Female,2024-08-20 13:11:46.223087,1.3689253935660506,0.8885251904452329,False,True,Active
432,2,57,Adult (40-59),Female,2024-03-02 13:11:46.223087,1.83709787816564,0.9237809968957436,False,False,Active
433,2,95,Senior (60+),Female,2024-09-07 13:11:46.223087,1.319644079397673,0.7060774119393673,True,False,New
434,2,63,Senior (60+),Male,2025-01-16 13:11:46.223087,0.9609856262833676,0.7431350304795434,False,False,Active
435,2,70,Senior (60+),Male,2025-01-23 13:11:46.223087,0.9418206707734429,0.7787728811308317,False,True,Inactive
436,2,41,Adult (40-59),Male,2025-11-20 13:11:46.223087,0.11772758384668036,0.9498827451541333,False,False,Active
437,2,65,Senior (60+),Male,2024-01-18 13:11:46.223087,1.9575633127994525,0.8954348368442635,False,False,Active
438,2,88,Senior (60+),Male,2025-05-07 13:11:46.223087,0.6570841889117043,0.8134032521973336,False,False,Active
439,2,52,Adult (40-59),Female,2024-09-04 13:11:46.223087,1.3278576317590691,0.9257031122602696,False,True,Active
440,2,29,Young Adult (25-39),Female,2025-01-04 13:11:46.223087,0.9938398357289527,0.8115691883882516,True,False,Active
441,2,39,Young Adult (25-39),Female,2024-04-12 13:11:46.223087,1.7248459958932238,0.8095627297717269,False,True,Active
442,2,95,Senior (60+),Female,2024-11-18 13:11:46.223087,1.1225188227241616,0.8088978195921699,True,False,Active
443,2,51,Adult (40-59),Female,2024-01-19 13:11:46.223087,1.9548254620123204,0.814917165980054,False,False,Active
444,2,34,Young Adult (25-39),Male,2024-10-31 13:11:46.223087,1.1718001368925393,0.7277116202540692,True,True,Active
445,2,29,Young Adult (25-39),Female,2024-09-10 13:11:46.223087,1.3114305270362765,0.6975088261748655,False,False,Active
446,2,33,Young Adult (25-39),Female,2025-05-17 13:11:46.223087,0.6297056810403833,0.7706897186762756,False,False,Active
447,2,45,Adult (40-59),Female,2024-05-25 13:11:46.223087,1.6071184120465434,0.8738980692019229,True,False,New
448,2,24,Youth (18-24),Male,2024-03-03 13:11:46.223087,1.834360027378508,0.6297704462840545,False,True,Inactive
449,2,43,Adult (40-59),Male,2024-02-21 13:11:46.223087,1.864476386036961,0.7551284131612871,False,False,Active
450,2,35,Young Adult (25-39),Male,2025-12-27 13:11:46.223087,0.01642710472279261,0.7660344738454664,True,False,Active
451,2,30,Young Adult (25-39),Female,2025-09-26 13:11:46.223087,0.2683093771389459,0.7715810185586889,False,True,Active
452,2,77,Senior (60+),Male,2025-02-27 13:11:46.223087,0.8459958932238193,0.891104739190987,True,False,Active
453,2,73,Senior (60+),Male,2024-10-22 13:11:46.223087,1.1964407939767283,0.7391555971367092,False,False,Active
454,2,52,Adult (40-59),Male,2024-07-04 13:11:46.223087,1.4976043805612593,0.7620534780579121,False,False,Active
455,2,68,Senior (60+),Female,2025-09-28 13:11:46.223087,0.26283367556468173,0.7703245374479268,False,True,Active
456,2,57,Adult (40-59),Female,2025-01-19 13:11:46.223087,0.9527720739219713,0.8069745803923846,False,True,Active
457,2,38,Young Adult (25-39),Male,2024-11-05 13:11:46.223087,1.158110882956879,0.8106051795665327,False,False,Inactive
458,2,27,Young Adult (25-39),Female,2024-04-07 13:11:46.223087,1.7385352498288844,0.7932301348446387,False,False,Active
459,2,68,Senior (60+),Male,2024-01-12 13:11:46.223087,1.9739904175222451,0.7827098203050703,True,False,Active
460,2,54,Adult (40-59),Male,2024-12-07 13:11:46.223087,1.0704996577686516,0.7862876695391254,False,False,Active
461,2,54,Adult (40-59),Female,2025-12-11 13:11:46.223087,0.06023271731690623,0.8918092523444865,True,False,Active
462,2,62,Senior (60+),Male,2024-10-16 13:11:46.223087,1.212867898699521,0.892585375047516,True,False,Active
463,2,39,Young Adult (25-39),Male,2024-08-02 13:11:46.223087,1.4182067077344285,0.8111985099550316,False,False,Active
464,2,45,Adult (40-59),Female,2024-03-21 13:11:46.223087,1.78507871321013,0.9402806684413314,True,True,Inactive
465,2,59,Adult (40-59),Female,2025-02-04 13:11:46.223087,0.9089664613278576,0.913837771885358,False,False,Inactive
466,2,51,Adult (40-59),Male,2025-12-08 13:11:46.223087,0.06844626967830253,0.8721961977701983,False,False,Active
467,2,68,Senior (60+),Male,2025-03-25 13:11:46.223087,0.7748117727583846,0.8679722605733441,False,True,Inactive
468,2,51,Adult (40-59),Female,2025-09-03 13:11:46.223087,0.33127994524298426,0.9061051030487723,False,True,Active
469,2,79,Senior (60+),Female,2025-04-08 13:11:46.223087,0.7364818617385352,0.8645228637027357,True,False,Active
470,2,95,Senior (60+),Female,2024-07-11 13:11:46.223087,1.4784394250513346,0.8247718649353146,True,False,Inactive
471,2,40,Adult (40-59),Male,2026-01-02 13:11:46.223087,0.0,0.8673216926350948,True,True,Active
472,2,72,Senior (60+),Male,2025-10-13 13:11:46.223087,0.22176591375770022,0.7433479600181551,False,True,Active
473,2,42,Adult (40-59),Female,2024-01-08 13:11:46.223087,1.9849418206707734,0.7547277172092672,False,False,Active
474,2,95,Senior (60+),Male,2024-04-01 13:11:46.223087,1.754962354551677,0.746389419223195,False,False,Active
475,2,95,Senior (60+),Male,2024-04-17 13:11:46.223087,1.7111567419575633,0.8188952670372346,True,False,Active
476,2,66,Senior (60+),Female,2024-11-30 13:11:46.223087,1.0896646132785763,0.8390289108095188,True,True,Inactive
477,2,57,Adult (40-59),Male,2025-07-28 13:11:46.223087,0.432580424366872,0.8356399229851229,False,True,Active
478,2,86,Senior (60+),Female,2024-05-24 13:11:46.223087,1.6098562628336757,0.725678857890825,True,False,Active
479,2,91,Senior (60+),Female,2025-03-23 13:11:46.223087,0.7802874743326489,0.8448677634257482,False,False,Active
480,2,29,Young Adult (25-39),Male,2024-09-16 13:11:46.223087,1.2950034223134839,0.6671316499192861,False,False,Active
481,2,73,Senior (60+),Male,2025-04-15 13:11:46.223087,0.7173169062286106,0.7383734649437486,True,True,Active
482,2,36,Young Adult (25-39),Female,2025-09-29 13:11:46.223087,0.2600958247775496,0.6638847685492187,False,True,Active
483,2,42,Adult (40-59),Male,2025-10-30 13:11:46.223087,0.17522245037645448,0.763522512718443,True,False,Active
484,2,44,Adult (40-59),Female,2025-05-07 13:11:46.223087,0.6570841889117043,0.9260158175122917,True,True,Active
485,2,77,Senior (60+),Female,2025-12-14 13:11:46.223087,0.05201916495550993,0.8065915573102671,False,False,Active
486,2,35,Young Adult (25-39),Female,2024-10-16 13:11:46.223087,1.212867898699521,0.8488278722442335,False,False,Active
487,2,34,Young Adult (25-39),Male,2025-07-14 13:11:46.223087,0.47091033538672145,0.761556683474005,False,False,New
488,2,51,Adult (40-59),Male,2025-04-19 13:11:46.223087,0.7063655030800822,0.8624593631755819,False,True,Active
489,2,95,Senior (60+),Female,2025-02-24 13:11:46.223087,0.8542094455852156,0.7350605884715319,True,True,Active
490,2,38,Young Adult (25-39),Female,2024-06-08 13:11:46.223087,1.568788501026694,0.669335289929344,False,True,New
491,2,75,Senior (60+),Female,2025-05-07 13:11:46.223087,0.6570841889117043,0.8512326657790492,False,False,Inactive
492,2,95,Senior (60+),Male,2025-03-06 13:11:46.223087,0.8268309377138946,0.8854355638958905,False,True,Inactive
493,2,35,Young Adult (25-39),Male,2025-07-05 13:11:46.223087,0.49555099247091033,0.7298631831618616,True,True,Active
494,2,59,Adult (40-59),Male,2024-06-21 13:11:46.223087,1.5331964407939767,0.8541915954544084,False,False,Active
495,2,80,Senior (60+),Female,2024-12-07 13:11:46.223087,1.0704996577686516,0.7178248864232033,True,True,Active
496,2,46,Adult (40-59),Male,2025-06-17 13:11:46.223087,0.5448323066392882,0.9064056175340771,False,True,Inactive
497,2,67,Senior (60+),Male,2025-08-27 13:11:46.223087,0.35044490075290896,0.7072320761049524,True,True,Active
498,2,37,Young Adult (25-39),Male,2025-03-03 13:11:46.223087,0.8350444900752909,0.6675285493527677,True,False,Active
499,2,39,Young Adult (25-39),Female,2024-11-17 13:11:46.223087,1.1252566735112937,0.7607604481424752,False,True,Active
500,2,40,Adult (40-59),Male,2025-05-04 13:11:46.223087,0.6652977412731006,0.8701188666721235,False,False,Active
501,2,30,Young Adult (25-39),Male,2024-11-05 13:11:46.223087,1.158110882956879,0.8338783946428835,False,True,Inactive
502,2,64,Senior (60+),Male,2025-10-27 13:11:46.223087,0.1834360027378508,0.7417021028714671,False,True,New
503,2,57,Adult (40-59),Male,2024-09-08 13:11:46.223087,1.3169062286105406,0.7732732795770952,False,True,Active
504,2,48,Adult (40-59),Male,2025-04-20 13:11:46.223087,0.70362765229295,0.9236113380214901,False,False,Active
505,2,93,Senior (60+),Female,2025-11-06 13:11:46.223087,0.15605749486652978,0.8580060872614123,False,False,Inactive
506,2,46,Adult (40-59),Female,2025-04-07 13:11:46.223087,0.7392197125256673,0.7847049029973017,False,False,Active
507,2,52,Adult (40-59),Male,2025-12-23 13:11:46.223087,0.02737850787132101,0.819219945307557,False,False,Active
508,2,59,Adult (40-59),Female,2025-01-11 13:11:46.223087,0.974674880219028,0.7765049345483697,True,True,Active
509,2,62,Senior (60+),Female,2025-05-18 13:11:46.223087,0.6269678302532512,0.8845514381026789,False,False,Active
510,2,95,Senior (60+),Female,2024-12-24 13:11:46.223087,1.0239561943874058,0.7349677254520824,False,False,Inactive
511,2,51,Adult (40-59),Female,2025-12-25 13:11:46.223087,0.02190280629705681,0.8297326055544626,False,False,Active
512,2,49,Adult (40-59),Male,2024-11-18 13:11:46.223087,1.1225188227241616,0.7551623813898974,True,True,Active
513,2,38,Young Adult (25-39),Female,2024-05-26 13:11:46.223087,1.6043805612594113,0.8426230223178348,False,True,Active
514,2,71,Senior (60+),Female,2024-07-11 13:11:46.223087,1.4784394250513346,0.7623632266170519,False,False,Active
515,2,59,Adult (40-59),Male,2024-06-28 13:11:46.223087,1.514031485284052,0.837902337726582,False,True,Active
516,2,65,Senior (60+),Male,2025-04-08 13:11:46.223087,0.7364818617385352,0.823917590979566,False,False,Active
517,2,41,Adult (40-59),Female,2024-07-20 13:11:46.223087,1.4537987679671458,0.7804049706257297,False,False,Active
518,2,43,Adult (40-59),Female,2025-12-04 13:11:46.223087,0.07939767282683094,0.7615561121992733,False,False,Active
519,2,56,Adult (40-59),Male,2024-03-27 13:11:46.223087,1.7686516084873374,0.9467357850526827,False,True,Active
520,2,45,Adult (40-59),Female,2024-08-20 13:11:46.223087,1.3689253935660506,0.8106550295135191,True,False,Active
521,2,48,Adult (40-59),Male,2025-05-24 13:11:46.223087,0.6105407255304586,0.8884322683388264,False,True,Active
522,2,58,Adult (40-59),Male,2025-01-12 13:11:46.223087,0.971937029431896,0.9127940539012037,False,True,Active
523,2,42,Adult (40-59),Male,2025-03-13 13:11:46.223087,0.8076659822039699,0.8112507241573224,False,False,Active
524,2,71,Senior (60+),Female,2024-02-05 13:11:46.223087,1.9082819986310746,0.7261420753480399,True,False,Active
525,2,95,Senior (60+),Male,2024-05-02 13:11:46.223087,1.6700889801505818,0.7899569297642645,True,False,Active
526,2,46,Adult (40-59),Female,2025-12-30 13:11:46.223087,0.008213552361396304,0.9155075791133749,True,True,Active
527,2,35,Young Adult (25-39),Male,2024-08-01 13:11:46.223087,1.4209445585215605,0.803860978728268,False,False,Active
528,2,57,Adult (40-59),Female,2024-06-23 13:11:46.223087,1.5277207392197125,0.7538384553646114,False,True,Active
529,2,53,Adult (40-59),Male,2025-06-12 13:11:46.223087,0.5585215605749486,0.902057964624427,True,False,Active
530,2,60,Senior (60+),Female,2024-03-03 13:11:46.223087,1.834360027378508,0.7024241549287786,False,True,Inactive
531,2,36,Young Adult (25-39),Male,2024-09-14 13:11:46.223087,1.3004791238877482,0.8451747509820107,False,False,Inactive
532,2,38,Young Adult (25-39),Female,2025-11-25 13:11:46.223087,0.10403832991101986,0.7408754669119921,False,False,Active
533,2,57,Adult (40-59),Female,2025-03-02 13:11:46.223087,0.837782340862423,0.7696165161568489,False,False,Inactive
534,2,35,Young Adult (25-39),Female,2024-04-07 13:11:46.223087,1.7385352498288844,0.79747141547756,False,True,New
535,2,57,Adult (40-59),Female,2025-01-14 13:11:46.223087,0.9664613278576317,0.8251776570291538,False,True,Active
536,2,40,Adult (40-59),Female,2024-04-07 13:11:46.223087,1.7385352498288844,0.9284169377880469,False,False,Inactive
537,2,43,Adult (40-59),Female,2025-07-03 13:11:46.223087,0.5010266940451745,0.8375206248110784,True,True,Active
538,2,89,Senior (60+),Female,2024-10-03 13:11:46.223087,1.2484599589322383,0.8681743158851846,False,True,Active
539,2,95,Senior (60+),Female,2025-08-04 13:11:46.223087,0.4134154688569473,0.8790235481413073,False,False,Inactive
540,2,44,Adult (40-59),Male,2024-02-19 13:11:46.223087,1.8699520876112252,0.8727867169520123,False,False,Active
541,2,58,Adult (40-59),Female,2024-06-12 13:11:46.223087,1.5578370978781657,0.8974867537442971,False,False,Active
542,2,42,Adult (40-59),Male,2025-12-08 13:11:46.223087,0.06844626967830253,0.8860455558416707,False,True,Inactive
543,2,49,Adult (40-59),Male,2024-10-09 13:11:46.223087,1.2320328542094456,0.7524216950469775,False,True,Active
544,2,62,Senior (60+),Male,2025-10-28 13:11:46.223087,0.1806981519507187,0.8475016718918014,True,False,Active
545,2,33,Young Adult (25-39),Female,2024-08-29 13:11:46.223087,1.3442847364818618,0.8049307062362363,False,False,Active
546,2,38,Young Adult (25-39),Male,2025-05-05 13:11:46.223087,0.6625598904859685,0.6870391135734936,True,True,Active
547,2,94,Senior (60+),Male,2024-01-12 13:11:46.223087,1.9739904175222451,0.7041889922061825,False,False,New
548,2,78,Senior (60+),Male,2025-03-10 13:11:46.223087,0.8158795345653662,0.8935720069690061,False,True,Active
549,2,87,Senior (60+),Male,2024-04-16 13:11:46.223087,1.7138945927446954,0.7763879279305792,True,False,Active
550,2,42,Adult (40-59),Male,2024-05-18 13:11:46.223087,1.626283367556468,0.7742772836318813,True,False,Active
551,2,95,Senior (60+),Female,2024-06-19 13:11:46.223087,1.538672142368241,0.8060604266498317,False,True,Active
552,2,73,Senior (60+),Female,2025-02-27 13:11:46.223087,0.8459958932238193,0.8936977555188768,False,True,Active
553,2,44,Adult (40-59),Female,2024-05-08 13:11:46.223087,1.6536618754277892,0.8703763179272643,False,True,Inactive
554,2,85,Senior (60+),Female,2024-09-12 13:11:46.223087,1.3059548254620124,0.8496146358859065,False,True,Active
555,2,72,Senior (60+),Female,2025-09-16 13:11:46.223087,0.29568788501026694,0.7676535011988996,False,False,Inactive
556,2,90,Senior (60+),Female,2025-11-07 13:11:46.223087,0.15331964407939766,0.7449231223687703,True,False,Active
557,2,37,Young Adult (25-39),Female,2025-02-07 13:11:46.223087,0.9007529089664613,0.7725879164989051,False,False,Inactive
558,2,47,Adult (40-59),Female,2024-09-04 13:11:46.223087,1.3278576317590691,0.9273849800418539,False,True,Active
559,2,50,Adult (40-59),Male,2024-03-15 13:11:46.223087,1.8015058179329226,0.807181357847832,False,False,Active
560,2,65,Senior (60+),Female,2025-08-07 13:11:46.223087,0.405201916495551,0.8837853067279109,False,False,Inactive
561,2,64,Senior (60+),Male,2024-03-17 13:11:46.223087,1.7960301163586585,0.8510083857492556,False,True,Active
562,2,95,Senior (60+),Female,2024-03-04 13:11:46.223087,1.8316221765913758,0.855289489299945,False,False,Active
563,2,54,Adult (40-59),Female,2025-03-03 13:11:46.223087,0.8350444900752909,0.7854857538939414,False,True,Active
564,2,66,Senior (60+),Male,2025-09-24 13:11:46.223087,0.2737850787132101,0.7086347471594023,True,True,Active
565,2,58,Adult (40-59),Male,2024-07-29 13:11:46.223087,1.429158110882957,0.7763457546909124,False,True,Active
566,2,81,Senior (60+),Male,2025-10-29 13:11:46.223087,0.17796030116358658,0.8011705385903658,True,True,New
567,2,73,Senior (60+),Male,2024-09-03 13:11:46.223087,1.3305954825462012,0.8465603089532501,True,False,Active
568,2,95,Senior (60+),Male,2025-09-20 13:11:46.223087,0.28473648186173856,0.7595096902637641,True,False,Active
569,2,90,Senior (60+),Male,2024-05-04 13:11:46.223087,1.6646132785763177,0.8377770604100181,False,False,Active
570,2,66,Senior (60+),Female,2024-12-23 13:11:46.223087,1.0266940451745379,0.7320143269909145,True,True,Inactive
571,2,84,Senior (60+),Male,2024-10-04 13:11:46.223087,1.2457221081451062,0.7018663239654186,False,True,Inactive
572,2,81,Senior (60+),Male,2024-10-07 13:11:46.223087,1.2375085557837098,0.7198356199174432,True,False,Active
573,2,39,Young Adult (25-39),Female,2025-05-25 13:11:46.223087,0.6078028747433265,0.8100141937398319,False,True,Inactive
574,2,64,Senior (60+),Female,2024-06-21 13:11:46.223087,1.5331964407939767,0.8231970900520358,True,False,Inactive
575,2,32,Young Adult (25-39),Male,2025-11-23 13:11:46.223087,0.10951403148528405,0.7210769137371479,True,False,Active
576,2,65,Senior (60+),Male,2024-01-15 13:11:46.223087,1.9657768651608487,0.8521981520056188,True,True,New
577,2,95,Senior (60+),Male,2024-07-04 13:11:46.223087,1.4976043805612593,0.8491467565462465,False,False,Active
578,2,31,Young Adult (25-39),Male,2025-03-07 13:11:46.223087,0.8240930869267625,0.711120843098043,True,True,Active
579,2,36,Young Adult (25-39),Male,2024-10-06 13:11:46.223087,1.2402464065708418,0.8492668675254494,False,True,Active
580,2,41,Adult (40-59),Male,2024-02-25 13:11:46.223087,1.8535249828884326,0.9272391560930149,True,False,Active
581,2,25,Young Adult (25-39),Male,2025-02-16 13:11:46.223087,0.8761122518822724,0.7283051396355659,False,False,Inactive
582,2,95,Senior (60+),Female,2024-11-16 13:11:46.223087,1.1279945242984257,0.8239178674919682,True,False,Active
583,2,42,Adult (40-59),Female,2024-10-27 13:11:46.223087,1.1827515400410678,0.9088394662554168,False,True,Active
584,2,62,Senior (60+),Male,2025-05-22 13:11:46.223087,0.6160164271047228,0.8284651051810454,False,False,Inactive
585,2,40,Adult (40-59),Male,2024-06-05 13:11:46.223087,1.5770020533880904,0.8659967574856262,False,True,Active
586,2,95,Senior (60+),Male,2025-10-15 13:11:46.223087,0.216290212183436,0.8352935874452725,False,True,Active
587,2,95,Senior (60+),Male,2024-11-12 13:11:46.223087,1.1389459274469542,0.7539641440256428,True,False,Active
588,2,57,Adult (40-59),Male,2024-03-04 13:11:46.223087,1.8316221765913758,0.7617101858487958,False,True,New
589,2,95,Senior (60+),Female,2025-06-18 13:11:46.223087,0.5420944558521561,0.8569793954222935,False,True,New
590,2,85,Senior (60+),Male,2024-03-29 13:11:46.223087,1.7631759069130732,0.7880397995910982,False,False,Active
591,2,77,Senior (60+),Male,2025-08-31 13:11:46.223087,0.3394934976043806,0.7656385507218623,False,False,Active
592,2,40,Adult (40-59),Female,2024-09-26 13:11:46.223087,1.267624914442163,0.8696450588127478,False,True,Inactive
593,2,54,Adult (40-59),Female,2024-12-02 13:11:46.223087,1.0841889117043122,0.9496695022785899,False,True,New
594,2,62,Senior (60+),Male,2024-05-21 13:11:46.223087,1.6180698151950719,0.8272354729416466,True,True,Active
595,2,73,Senior (60+),Male,2025-02-22 13:11:46.223087,0.8596851471594799,0.7236672381846774,False,False,Active
596,2,93,Senior (60+),Female,2024-11-13 13:11:46.223087,1.136208076659822,0.8143744542454373,True,True,Active
597,2,51,Adult (40-59),Female,2025-12-05 13:11:46.223087,0.07665982203969883,0.7868952506267278,False,False,Active
598,2,32,Young Adult (25-39),Male,2024-12-03 13:11:46.223087,1.08145106091718,0.6548383527782711,True,True,Active
599,2,35,Young Adult (25-39),Male,2025-06-11 13:11:46.223087,0.5612594113620808,0.7046141619945625,False,True,New
600,2,62,Senior (60+),Female,2024-02-03 13:11:46.223087,1.9137577002053388,0.7859313625477871,False,False,Active
601,2,71,Senior (60+),Female,2024-04-08 13:11:46.223087,1.7357973990417521,0.796593774417071,True,False,Active
602,2,46,Adult (40-59),Male,2024-03-06 13:11:46.223087,1.8261464750171115,0.766120302751425,True,False,Active
603,2,57,Adult (40-59),Male,2025-10-09 13:11:46.223087,0.2327173169062286,0.8959016457304794,False,True,Inactive
604,2,95,Senior (60+),Male,2024-01-25 13:11:46.223087,1.9383983572895278,0.7317816335338707,True,False,Inactive
605,2,38,Young Adult (25-39),Female,2024-04-06 13:11:46.223087,1.7412731006160165,0.7813910312534279,True,False,Active
606,2,65,Senior (60+),Female,2025-08-12 13:11:46.223087,0.3915126625598905,0.7137916032712842,False,True,Active
607,2,55,Adult (40-59),Female,2025-12-02 13:11:46.223087,0.08487337440109514,0.7993957598143999,True,True,Active
608,2,53,Adult (40-59),Female,2024-10-15 13:11:46.223087,1.215605749486653,0.7999092399699013,False,True,Active
609,2,84,Senior (60+),Female,2024-09-10 13:11:46.223087,1.3114305270362765,0.8553421113910362,False,False,Active
610,2,41,Adult (40-59),Female,2024-04-01 13:11:46.223087,1.754962354551677,0.8475142387346768,False,True,Active
611,2,23,Youth (18-24),Male,2025-06-24 13:11:46.223087,0.5256673511293635,0.7249583364218182,False,False,Inactive
612,2,83,Senior (60+),Female,2025-01-28 13:11:46.223087,0.9281314168377823,0.8327579372351178,False,False,Active
613,2,59,Adult (40-59),Female,2025-08-04 13:11:46.223087,0.4134154688569473,0.7604515758572048,False,True,Active
614,2,72,Senior (60+),Male,2024-08-14 13:11:46.223087,1.3853524982888432,0.7520315581924102,False,False,Active
615,2,80,Senior (60+),Female,2025-04-30 13:11:46.223087,0.676249144421629,0.8130660509143219,False,False,New
616,2,34,Young Adult (25-39),Male,2024-04-14 13:11:46.223087,1.7193702943189597,0.8444010659263074,False,True,Inactive
617,2,30,Young Adult (25-39),Male,2024-02-29 13:11:46.223087,1.842573579739904,0.6802493657469869,False,False,Active
618,2,93,Senior (60+),Male,2024-06-28 13:11:46.223087,1.514031485284052,0.7501933322680596,True,True,Active
619,2,63,Senior (60+),Male,2025-01-04 13:11:46.223087,0.9938398357289527,0.7229537743738434,False,True,Active
620,2,93,Senior (60+),Male,2024-05-27 13:11:46.223087,1.6016427104722792,0.8445628606416967,False,False,New
621,2,62,Senior (60+),Female,2025-07-11 13:11:46.223087,0.4791238877481177,0.7163450691493556,True,True,Active
622,2,49,Adult (40-59),Male,2025-09-10 13:11:46.223087,0.31211498973305957,0.8469392574260094,True,False,Active
623,2,69,Senior (60+),Male,2025-09-22 13:11:46.223087,0.2792607802874743,0.7823531083169017,False,True,Active
624,2,84,Senior (60+),Male,2024-11-29 13:11:46.223087,1.0924024640657084,0.809086373881381,True,False,New
625,2,58,Adult (40-59),Female,2024-04-25 13:11:46.223087,1.6892539356605065,0.8418479755193916,False,True,New
626,2,42,Adult (40-59),Male,2025-02-11 13:11:46.223087,0.8898015058179329,0.9072556398768066,True,True,New
627,2,44,Adult (40-59),Female,2025-03-25 13:11:46.223087,0.7748117727583846,0.8160430129742995,False,True,New
628,2,41,Adult (40-59),Female,2025-12-13 13:11:46.223087,0.05475701574264202,0.8538771719007875,True,False,Active
629,2,66,Senior (60+),Female,2024-11-12 13:11:46.223087,1.1389459274469542,0.8741156850092013,True,False,New
630,2,52,Adult (40-59),Female,2025-08-11 13:11:46.223087,0.3942505133470226,0.8402478688361976,False,False,Active
631,2,83,Senior (60+),Female,2024-07-07 13:11:46.223087,1.4893908281998631,0.799562501606858,False,False,Active
632,2,56,Adult (40-59),Male,2025-08-04 13:11:46.223087,0.4134154688569473,0.8813560209448588,False,True,Active
633,2,48,Adult (40-59),Female,2024-09-02 13:11:46.223087,1.3333333333333333,0.9428953307801623,False,True,Inactive
634,2,93,Senior (60+),Female,2024-04-02 13:11:46.223087,1.7522245037645447,0.8046659262389483,False,True,Active
635,2,85,Senior (60+),Female,2024-03-12 13:11:46.223087,1.809719370294319,0.8269164835100608,True,True,Active
636,2,43,Adult (40-59),Female,2025-02-01 13:11:46.223087,0.917180013689254,0.8291940945324909,False,False,Inactive
637,2,59,Adult (40-59),Female,2025-05-21 13:11:46.223087,0.6187542778918549,0.8891798236337605,False,True,Inactive
638,2,82,Senior (60+),Male,2025-08-16 13:11:46.223087,0.3805612594113621,0.7633523354135053,True,True,Inactive
639,2,50,Adult (40-59),Male,2024-10-30 13:11:46.223087,1.1745379876796715,0.9287979420015741,True,False,Active
640,2,48,Adult (40-59),Female,2024-06-25 13:11:46.223087,1.5222450376454484,0.7804208566444546,True,True,New
641,2,95,Senior (60+),Female,2024-04-07 13:11:46.223087,1.7385352498288844,0.8764832736814677,False,False,Active
642,2,37,Young Adult (25-39),Female,2024-02-03 13:11:46.223087,1.9137577002053388,0.7510413547153276,False,True,Inactive
643,2,56,Adult (40-59),Male,2024-06-11 13:11:46.223087,1.5605749486652978,0.8835839997607253,True,True,Active
644,2,70,Senior (60+),Female,2025-12-16 13:11:46.223087,0.04654346338124572,0.733190979059157,False,True,Active
645,2,53,Adult (40-59),Female,2025-02-08 13:11:46.223087,0.8980150581793293,0.7525215039951518,True,True,Active
646,2,87,Senior (60+),Female,2024-10-30 13:11:46.223087,1.1745379876796715,0.8054799244245352,True,True,Active
647,2,73,Senior (60+),Male,2024-10-27 13:11:46.223087,1.1827515400410678,0.8462992980680725,False,True,Inactive
648,2,66,Senior (60+),Female,2025-04-29 13:11:46.223087,0.6789869952087612,0.8716354106314328,False,True,Active
649,2,62,Senior (60+),Male,2025-02-02 13:11:46.223087,0.9144421629021219,0.7628700226367496,False,True,Active
650,2,95,Senior (60+),Female,2024-02-17 13:11:46.223087,1.8754277891854894,0.8643273795420944,False,True,Inactive
651,2,25,Young Adult (25-39),Male,2025-08-02 13:11:46.223087,0.4188911704312115,0.8156498504874437,True,False,Active
652,2,44,Adult (40-59),Female,2025-11-17 13:11:46.223087,0.12594113620807665,0.7847523186271488,False,True,Inactive
653,2,82,Senior (60+),Male,2024-08-22 13:11:46.223087,1.3634496919917864,0.747974822551189,False,False,Active
654,2,72,Senior (60+),Female,2025-07-04 13:11:46.223087,0.49828884325804246,0.7695882823164333,False,True,Active
655,2,95,Senior (60+),Male,2025-02-10 13:11:46.223087,0.892539356605065,0.8241857134956863,False,False,Inactive
656,2,50,Adult (40-59),Male,2025-11-26 13:11:46.223087,0.10130047912388775,0.918289510616952,True,False,Active
657,2,68,Senior (60+),Male,2024-06-22 13:11:46.223087,1.5304585900068446,0.7252529483129005,False,True,Active
658,2,57,Adult (40-59),Female,2025-12-02 13:11:46.223087,0.08487337440109514,0.8150208030863397,True,False,Active
659,2,47,Adult (40-59),Female,2025-09-03 13:11:46.223087,0.33127994524298426,0.9211474517811572,True,False,Inactive
660,2,63,Senior (60+),Female,2024-04-01 13:11:46.223087,1.754962354551677,0.867408225048588,False,False,Inactive
661,2,83,Senior (60+),Female,2025-06-18 13:11:46.223087,0.5420944558521561,0.8025309506290106,False,True,Active
662,2,33,Young Adult (25-39),Female,2025-08-26 13:11:46.223087,0.3531827515400411,0.6925288752742192,True,True,Active
663,2,71,Senior (60+),Male,2025-08-21 13:11:46.223087,0.3668720054757016,0.8532129553070605,False,False,Active
664,2,62,Senior (60+),Female,2024-10-21 13:11:46.223087,1.1991786447638604,0.8329969806951991,False,True,Active
665,2,68,Senior (60+),Female,2025-08-10 13:11:46.223087,0.39698836413415467,0.812088126196088,True,True,Active
666,2,52,Adult (40-59),Female,2025-09-17 13:11:46.223087,0.2929500342231348,0.8394111087612851,True,False,Active
667,2,91,Senior (60+),Male,2024-09-02 13:11:46.223087,1.3333333333333333,0.7760801097940819,False,False,Inactive
668,2,55,Adult (40-59),Female,2024-01-23 13:11:46.223087,1.943874058863792,0.7721441186652631,False,True,Active
669,2,46,Adult (40-59),Male,2025-05-20 13:11:46.223087,0.621492128678987,0.9336153104398301,False,True,Active
670,2,55,Adult (40-59),Female,2025-03-31 13:11:46.223087,0.758384668035592,0.9216683353598242,True,True,Active
671,2,71,Senior (60+),Female,2024-07-13 13:11:46.223087,1.4729637234770705,0.8609813553682877,True,False,Active
672,2,51,Adult (40-59),Female,2025-06-14 13:11:46.223087,0.5530458590006845,0.9425620714148051,False,False,Active
673,2,39,Young Adult (25-39),Female,2024-11-16 13:11:46.223087,1.1279945242984257,0.706304239682986,True,False,Inactive
674,2,90,Senior (60+),Male,2024-02-01 13:11:46.223087,1.919233401779603,0.7225160780823874,True,False,Inactive
675,2,67,Senior (60+),Male,2024-09-14 13:11:46.223087,1.3004791238877482,0.7483787656517678,False,False,Active
676,2,95,Senior (60+),Female,2024-10-09 13:11:46.223087,1.2320328542094456,0.7937535930929012,False,False,Active
677,2,80,Senior (60+),Male,2024-05-08 13:11:46.223087,1.6536618754277892,0.7599838223013969,True,False,Active
678,2,30,Young Adult (25-39),Female,2025-05-02 13:11:46.223087,0.6707734428473648,0.6596285671956708,True,False,Active
679,2,86,Senior (60+),Male,2025-12-08 13:11:46.223087,0.06844626967830253,0.7370660359057428,True,True,Active
680,2,95,Senior (60+),Male,2025-08-10 13:11:46.223087,0.39698836413415467,0.7479020339819076,False,False,Active
681,2,59,Adult (40-59),Female,2024-10-04 13:11:46.223087,1.2457221081451062,0.916274702877142,False,False,New
682,2,93,Senior (60+),Male,2025-12-01 13:11:46.223087,0.08761122518822724,0.7229865994119133,False,True,Active
683,2,86,Senior (60+),Male,2024-01-11 13:11:46.223087,1.9767282683093772,0.8143544704096645,True,False,Active
684,2,71,Senior (60+),Female,2025-12-29 13:11:46.223087,0.010951403148528405,0.786085482064198,False,True,Active
685,2,44,Adult (40-59),Male,2024-09-17 13:11:46.223087,1.2922655715263518,0.8703846862030262,False,False,Inactive
686,2,27,Young Adult (25-39),Male,2025-02-12 13:11:46.223087,0.8870636550308009,0.7386760028758376,True,False,New
687,2,95,Senior (60+),Female,2025-01-20 13:11:46.223087,0.9500342231348392,0.8405267546171032,True,True,Active
688,2,95,Senior (60+),Female,2024-10-12 13:11:46.223087,1.2238193018480492,0.8024727555091581,False,True,Active
689,2,52,Adult (40-59),Female,2025-10-31 13:11:46.223087,0.17248459958932238,0.8804448519090945,True,False,Active
690,2,40,Adult (40-59),Female,2024-03-01 13:11:46.223087,1.839835728952772,0.8701302133096711,False,False,Active
691,2,59,Adult (40-59),Female,2025-11-04 13:11:46.223087,0.16153319644079397,0.7641864432267547,False,True,Active
692,2,95,Senior (60+),Male,2025-02-03 13:11:46.223087,0.9117043121149897,0.7723706186410277,False,False,Inactive
693,2,44,Adult (40-59),Male,2024-12-19 13:11:46.223087,1.0376454483230664,0.8053628615582611,False,False,Active
694,2,57,Adult (40-59),Female,2025-11-20 13:11:46.223087,0.11772758384668036,0.8162694014206101,False,False,Inactive
695,2,32,Young Adult (25-39),Male,2025-07-27 13:11:46.223087,0.4353182751540041,0.7061366431031949,True,False,Active
696,2,55,Adult (40-59),Male,2025-07-28 13:11:46.223087,0.432580424366872,0.8533145256891957,False,False,Active
697,2,50,Adult (40-59),Female,2024-08-17 13:11:46.223087,1.377138945927447,0.8644097286738601,True,False,Active
698,2,42,Adult (40-59),Female,2024-12-07 13:11:46.223087,1.0704996577686516,0.8086977646416244,True,True,Inactive
699,2,54,Adult (40-59),Male,2025-04-28 13:11:46.223087,0.6817248459958932,0.8734133032235603,False,False,New
700,2,76,Senior (60+),Female,2024-03-15 13:11:46.223087,1.8015058179329226,0.7690446285603384,False,False,Inactive
701,3,90,Senior (60+),Female,2025-01-27 13:11:46.223087,0.9308692676249144,0.8404517532063329,False,False,Active
702,3,58,Adult (40-59),Female,2024-07-26 13:11:46.223087,1.4373716632443532,0.7762978239795963,False,False,New
703,3,43,Adult (40-59),Male,2025-04-15 13:11:46.223087,0.7173169062286106,0.8322042150531092,True,False,Inactive
704,3,31,Young Adult (25-39),Female,2025-05-16 13:11:46.223087,0.6324435318275154,0.7928065288933712,False,True,Active
705,3,30,Young Adult (25-39),Female,2024-01-07 13:11:46.223087,1.9876796714579055,0.8410121022969977,True,False,Active
706,3,84,Senior (60+),Female,2024-06-13 13:11:46.223087,1.5550992470910336,0.7003130210382945,False,False,Active
707,3,47,Adult (40-59),Female,2025-03-22 13:11:46.223087,0.783025325119781,0.7619049400695543,False,False,Active
708,3,61,Senior (60+),Male,2024-02-10 13:11:46.223087,1.894592744695414,0.8373179826985213,False,False,Inactive
709,3,51,Adult (40-59),Male,2025-06-29 13:11:46.223087,0.5119780971937029,0.8238106043521833,True,True,Active
710,3,39,Young Adult (25-39),Female,2024-08-21 13:11:46.223087,1.3661875427789185,0.7337895580374951,True,True,Active
711,3,54,Adult (40-59),Male,2024-11-11 13:11:46.223087,1.1416837782340863,0.8209542583671968,True,True,New
712,3,59,Adult (40-59),Female,2025-04-13 13:11:46.223087,0.7227926078028748,0.8837145293445827,False,False,Active
713,3,36,Young Adult (25-39),Female,2025-05-18 13:11:46.223087,0.6269678302532512,0.6520262368055487,False,True,New
714,3,95,Senior (60+),Male,2025-02-19 13:11:46.223087,0.8678986995208761,0.8826573895152474,True,False,Active
715,3,86,Senior (60+),Male,2024-01-25 13:11:46.223087,1.9383983572895278,0.724111683280738,True,False,Inactive
716,3,65,Senior (60+),Female,2025-01-21 13:11:46.223087,0.947296372347707,0.7132887688711549,False,False,Active
717,3,36,Young Adult (25-39),Male,2024-02-21 13:11:46.223087,1.864476386036961,0.7344068520255278,False,True,Active
718,3,60,Senior (60+),Female,2025-03-04 13:11:46.223087,0.8323066392881588,0.7972000987595206,False,False,Active
719,3,46,Adult (40-59),Male,2024-06-07 13:11:46.223087,1.571526351813826,0.861728479290085,False,False,Active
720,3,60,Senior (60+),Male,2025-11-10 13:11:46.223087,0.14510609171800137,0.8458346975098896,False,True,Active
721,3,86,Senior (60+),Female,2024-05-22 13:11:46.223087,1.6153319644079398,0.7859862154780296,False,True,Active
722,3,69,Senior (60+),Female,2024-05-02 13:11:46.223087,1.6700889801505818,0.7550762348510837,True,True,Active
723,3,87,Senior (60+),Female,2024-07-25 13:11:46.223087,1.4401095140314852,0.8596760681036705,False,False,Active
724,3,43,Adult (40-59),Female,2025-02-25 13:11:46.223087,0.8514715947980835,0.9215124675322567,True,False,New
725,3,54,Adult (40-59),Female,2025-12-07 13:11:46.223087,0.07118412046543464,0.8664397493188227,True,True,Active
726,3,81,Senior (60+),Female,2024-04-25 13:11:46.223087,1.6892539356605065,0.8202148333600465,True,True,Active
727,3,88,Senior (60+),Female,2024-04-15 13:11:46.223087,1.7166324435318274,0.7333720403397506,False,False,New
728,3,92,Senior (60+),Female,2024-09-29 13:11:46.223087,1.2594113620807665,0.7285188288163817,True,False,Inactive
729,3,50,Adult (40-59),Female,2024-10-26 13:11:46.223087,1.1854893908281998,0.7550895519811501,False,True,Active
730,3,80,Senior (60+),Male,2024-04-09 13:11:46.223087,1.73305954825462,0.8273804634909486,True,True,Active
731,3,45,Adult (40-59),Female,2024-12-04 13:11:46.223087,1.0787132101300478,0.8122434990126787,False,False,Active
732,3,53,Adult (40-59),Female,2024-04-07 13:11:46.223087,1.7385352498288844,0.8711558498905381,False,True,Active
733,3,34,Young Adult (25-39),Female,2025-04-14 13:11:46.223087,0.7200547570157426,0.7408003242392229,False,False,Active
734,3,45,Adult (40-59),Male,2025-03-09 13:11:46.223087,0.8186173853524983,0.7781105935156721,True,False,Active
735,3,47,Adult (40-59),Male,2024-06-14 13:11:46.223087,1.5523613963039014,0.9428034814235404,False,False,Inactive
736,3,57,Adult (40-59),Female,2025-11-27 13:11:46.223087,0.09856262833675565,0.7577992025149823,True,True,Active
737,3,55,Adult (40-59),Male,2024-02-01 13:11:46.223087,1.919233401779603,0.7546704192656372,False,False,Inactive
738,3,49,Adult (40-59),Male,2025-03-29 13:11:46.223087,0.7638603696098563,0.8417046017763781,True,False,Active
739,3,73,Senior (60+),Male,2025-11-27 13:11:46.223087,0.09856262833675565,0.8911837657910638,False,False,Active
740,3,51,Adult (40-59),Male,2025-06-21 13:11:46.223087,0.5338809034907598,0.9276807344617362,False,False,Active
741,3,94,Senior (60+),Female,2025-11-12 13:11:46.223087,0.13963039014373715,0.7576810875637491,True,False,Inactive
742,3,67,Senior (60+),Male,2025-09-21 13:11:46.223087,0.28199863107460643,0.777896378980484,True,False,Active
743,3,30,Young Adult (25-39),Female,2025-04-27 13:11:46.223087,0.6844626967830253,0.6808290086356974,False,True,Active
744,3,36,Young Adult (25-39),Female,2024-09-05 13:11:46.223087,1.325119780971937,0.7583409624820008,False,True,Active
745,3,75,Senior (60+),Female,2025-10-22 13:11:46.223087,0.1971252566735113,0.7604666498702988,False,True,Active
746,3,71,Senior (60+),Female,2025-08-11 13:11:46.223087,0.3942505133470226,0.7389247673409743,True,False,Active
747,3,54,Adult (40-59),Male,2025-05-26 13:11:46.223087,0.6050650239561944,0.9432834771732814,True,True,Active
748,3,47,Adult (40-59),Male,2024-01-03 13:11:46.223087,1.998631074606434,0.8194554078061015,False,False,Active
749,3,37,Young Adult (25-39),Male,2025-06-06 13:11:46.223087,0.5749486652977412,0.7752468642842127,False,False,Active
750,3,64,Senior (60+),Male,2024-02-27 13:11:46.223087,1.8480492813141685,0.7803557601308648,False,True,Inactive
751,3,91,Senior (60+),Female,2025-09-08 13:11:46.223087,0.31759069130732376,0.7402624215644866,False,True,Active
752,3,95,Senior (60+),Male,2024-04-11 13:11:46.223087,1.727583846680356,0.7078919065781798,True,True,Active
753,3,95,Senior (60+),Female,2024-10-27 13:11:46.223087,1.1827515400410678,0.8928057694331027,False,True,Active
754,3,31,Young Adult (25-39),Female,2024-05-25 13:11:46.223087,1.6071184120465434,0.7944286470911812,True,False,Active
755,3,90,Senior (60+),Male,2025-02-08 13:11:46.223087,0.8980150581793293,0.858101958854977,False,False,Active
756,3,60,Senior (60+),Female,2024-04-22 13:11:46.223087,1.6974674880219027,0.8588421325098811,True,False,Active
757,3,75,Senior (60+),Female,2024-05-08 13:11:46.223087,1.6536618754277892,0.7297591938810231,False,False,Active
758,3,49,Adult (40-59),Male,2025-05-27 13:11:46.223087,0.6023271731690623,0.946197475632537,False,True,New
759,3,92,Senior (60+),Female,2025-08-24 13:11:46.223087,0.3586584531143053,0.7750659815839204,False,False,New
760,3,56,Adult (40-59),Male,2025-12-11 13:11:46.223087,0.06023271731690623,0.7906446182172174,False,True,Active
761,3,45,Adult (40-59),Female,2025-09-08 13:11:46.223087,0.31759069130732376,0.8484650960002363,False,True,New
762,3,95,Senior (60+),Male,2025-12-12 13:11:46.223087,0.057494866529774126,0.8731154291249105,True,False,New
763,3,56,Adult (40-59),Male,2025-04-10 13:11:46.223087,0.731006160164271,0.9029055589309435,True,False,Inactive
764,3,65,Senior (60+),Female,2025-06-10 13:11:46.223087,0.5639972621492129,0.8912094287223866,False,False,Active
765,3,53,Adult (40-59),Male,2025-07-22 13:11:46.223087,0.4490075290896646,0.8378299633267496,True,False,Active
766,3,54,Adult (40-59),Male,2024-12-21 13:11:46.223087,1.0321697467488022,0.928618041039083,False,False,New
767,3,74,Senior (60+),Female,2025-06-01 13:11:46.223087,0.5886379192334018,0.8852765213460174,False,False,Active
768,3,20,Youth (18-24),Female,2025-08-21 13:11:46.223087,0.3668720054757016,0.6192108670794543,False,False,Active
769,3,92,Senior (60+),Male,2025-03-10 13:11:46.223087,0.8158795345653662,0.7268870258816243,False,True,Active
770,3,85,Senior (60+),Male,2025-11-19 13:11:46.223087,0.12046543463381246,0.7717431050834027,True,False,Active
771,3,44,Adult (40-59),Female,2024-10-22 13:11:46.223087,1.1964407939767283,0.9414896038076193,True,True,Inactive
772,3,83,Senior (60+),Male,2024-07-29 13:11:46.223087,1.429158110882957,0.8995641711363956,False,False,Active
773,3,86,Senior (60+),Male,2025-11-24 13:11:46.223087,0.10677618069815195,0.702863055533412,False,False,Active
774,3,71,Senior (60+),Female,2025-12-15 13:11:46.223087,0.049281314168377825,0.8668289194001352,False,True,Active
775,3,44,Adult (40-59),Female,2025-03-04 13:11:46.223087,0.8323066392881588,0.9037845564215281,False,True,Active
776,3,69,Senior (60+),Female,2024-07-28 13:11:46.223087,1.431895961670089,0.8532231865591172,False,False,Active
777,3,67,Senior (60+),Female,2025-10-27 13:11:46.223087,0.1834360027378508,0.7975255619334422,False,False,Active
778,3,90,Senior (60+),Female,2024-07-19 13:11:46.223087,1.4565366187542779,0.7815086062064862,False,False,Active
779,3,43,Adult (40-59),Male,2024-06-28 13:11:46.223087,1.514031485284052,0.772199619758263,False,True,Active
780,3,54,Adult (40-59),Male,2024-05-15 13:11:46.223087,1.6344969199178645,0.9395376051928941,False,True,Active
781,3,27,Young Adult (25-39),Male,2025-12-29 13:11:46.223087,0.010951403148528405,0.7501248536140835,True,False,Active
782,3,63,Senior (60+),Female,2025-10-04 13:11:46.223087,0.2464065708418891,0.8414172954533397,False,False,Active
783,3,30,Young Adult (25-39),Female,2025-12-27 13:11:46.223087,0.01642710472279261,0.7062008997817427,False,False,Active
784,3,42,Adult (40-59),Male,2025-06-03 13:11:46.223087,0.5831622176591376,0.9358456107263707,False,False,Active
785,3,81,Senior (60+),Male,2024-08-16 13:11:46.223087,1.379876796714579,0.7952873972687583,False,True,Active
786,3,53,Adult (40-59),Female,2025-09-27 13:11:46.223087,0.2655715263518138,0.8780952084351688,False,False,New
787,3,59,Adult (40-59),Male,2024-01-12 13:11:46.223087,1.9739904175222451,0.8795634891981057,False,True,New
788,3,65,Senior (60+),Male,2025-09-22 13:11:46.223087,0.2792607802874743,0.8777318160530797,False,False,Active
789,3,62,Senior (60+),Female,2024-04-28 13:11:46.223087,1.68104038329911,0.7143551612453025,True,False,Active
790,3,36,Young Adult (25-39),Female,2025-06-15 13:11:46.223087,0.5503080082135524,0.8145069588768393,False,False,Active
791,3,80,Senior (60+),Male,2024-11-01 13:11:46.223087,1.1690622861054072,0.8105001934815779,True,True,Active
792,3,35,Young Adult (25-39),Male,2025-07-06 13:11:46.223087,0.4928131416837782,0.7042818760893429,False,True,Active
793,3,59,Adult (40-59),Female,2024-08-08 13:11:46.223087,1.4017796030116358,0.8068548185855033,False,True,Inactive
794,3,66,Senior (60+),Male,2025-03-23 13:11:46.223087,0.7802874743326489,0.84972904682524,False,True,Active
795,3,38,Young Adult (25-39),Male,2024-12-07 13:11:46.223087,1.0704996577686516,0.6500269386008971,True,True,Inactive
796,3,44,Adult (40-59),Male,2025-07-27 13:11:46.223087,0.4353182751540041,0.8913952974911432,False,True,Active
797,3,58,Adult (40-59),Female,2025-02-03 13:11:46.223087,0.9117043121149897,0.9178676984712004,False,True,Active
798,3,40,Adult (40-59),Male,2025-11-22 13:11:46.223087,0.11225188227241616,0.8220467837600856,False,False,Active
799,3,92,Senior (60+),Male,2025-08-24 13:11:46.223087,0.3586584531143053,0.868542380432111,False,True,New
800,3,88,Senior (60+),Female,2024-04-20 13:11:46.223087,1.702943189596167,0.7867634839153059,False,True,Active
801,3,43,Adult (40-59),Female,2025-03-26 13:11:46.223087,0.7720739219712526,0.8254636107926385,False,False,Active
802,3,56,Adult (40-59),Male,2025-07-02 13:11:46.223087,0.5037645448323066,0.8765423757497202,True,True,Inactive
803,3,95,Senior (60+),Female,2025-07-14 13:11:46.223087,0.47091033538672145,0.7008726539300618,False,True,Active
804,3,72,Senior (60+),Female,2025-10-27 13:11:46.223087,0.1834360027378508,0.8932095010257355,False,True,Inactive
805,3,41,Adult (40-59),Male,2024-05-26 13:11:46.223087,1.6043805612594113,0.9401545415462675,True,False,Active
806,3,37,Young Adult (25-39),Male,2025-07-16 13:11:46.223087,0.4654346338124572,0.8063647726689871,True,False,New
807,3,89,Senior (60+),Male,2024-12-20 13:11:46.223087,1.0349075975359343,0.7096372024786592,False,False,Active
808,3,68,Senior (60+),Male,2024-06-15 13:11:46.223087,1.5496235455167693,0.786545827203941,True,False,Active
809,3,55,Adult (40-59),Male,2024-07-06 13:11:46.223087,1.4921286789869952,0.7917765448010328,False,False,New
810,3,32,Young Adult (25-39),Male,2025-04-19 13:11:46.223087,0.7063655030800822,0.8035135257035837,True,True,Active
811,3,32,Young Adult (25-39),Female,2025-08-19 13:11:46.223087,0.3723477070499658,0.8144359773632847,False,True,Active
812,3,49,Adult (40-59),Male,2024-08-30 13:11:46.223087,1.3415468856947297,0.8444563608325963,True,True,Active
813,3,71,Senior (60+),Female,2025-05-14 13:11:46.223087,0.6379192334017796,0.7431481358352908,True,False,Active
814,3,86,Senior (60+),Female,2024-06-07 13:11:46.223087,1.571526351813826,0.7273201807302345,False,False,Active
815,3,95,Senior (60+),Male,2024-11-18 13:11:46.223087,1.1225188227241616,0.8477194916264661,False,False,Active
816,3,90,Senior (60+),Female,2024-10-12 13:11:46.223087,1.2238193018480492,0.8426413766565235,True,False,Inactive
817,3,32,Young Adult (25-39),Female,2025-04-20 13:11:46.223087,0.70362765229295,0.8280430005272349,False,True,Active
818,3,40,Adult (40-59),Male,2024-06-30 13:11:46.223087,1.5085557837097878,0.7723024424642553,False,False,Active
819,3,32,Young Adult (25-39),Male,2025-07-07 13:11:46.223087,0.49007529089664614,0.7035185353455943,True,False,Active
820,3,31,Young Adult (25-39),Male,2024-03-20 13:11:46.223087,1.787816563997262,0.674873679800102,False,False,Inactive
821,3,36,Young Adult (25-39),Female,2025-08-17 13:11:46.223087,0.37782340862423,0.7485729168894893,False,True,Active
822,3,80,Senior (60+),Female,2024-09-25 13:11:46.223087,1.270362765229295,0.7019847642255671,False,True,Active
823,3,23,Youth (18-24),Female,2025-08-28 13:11:46.223087,0.34770704996577684,0.740874810221897,True,False,Active
824,3,95,Senior (60+),Male,2025-01-09 13:11:46.223087,0.9801505817932923,0.8547982756305526,False,False,Inactive
825,3,63,Senior (60+),Male,2025-09-22 13:11:46.223087,0.2792607802874743,0.8042592095308277,False,True,Active
826,3,52,Adult (40-59),Male,2025-08-04 13:11:46.223087,0.4134154688569473,0.7535104726733258,False,False,Active
827,3,62,Senior (60+),Female,2024-08-14 13:11:46.223087,1.3853524982888432,0.8546283747837343,True,True,Active
828,3,24,Youth (18-24),Male,2025-11-17 13:11:46.223087,0.12594113620807665,0.5003384064288671,False,False,Active
829,3,64,Senior (60+),Male,2025-04-12 13:11:46.223087,0.7255304585900069,0.8292917483275861,True,False,Active
830,3,76,Senior (60+),Female,2025-06-19 13:11:46.223087,0.5393566050650239,0.7796010585909006,False,True,Active
831,3,76,Senior (60+),Female,2024-06-29 13:11:46.223087,1.51129363449692,0.7131389717908732,False,True,Active
832,3,42,Adult (40-59),Female,2024-03-22 13:11:46.223087,1.782340862422998,0.8994888813193388,False,False,Active
833,3,41,Adult (40-59),Female,2024-12-29 13:11:46.223087,1.0102669404517455,0.7615688898894322,False,False,Active
834,3,72,Senior (60+),Male,2025-05-30 13:11:46.223087,0.5941136208076659,0.7731361496522743,False,True,Active
835,3,59,Adult (40-59),Male,2024-10-16 13:11:46.223087,1.212867898699521,0.789166616826854,True,True,Active
836,3,66,Senior (60+),Male,2024-05-03 13:11:46.223087,1.6673511293634498,0.8156596798840721,False,True,Active
837,3,38,Young Adult (25-39),Female,2025-11-24 13:11:46.223087,0.10677618069815195,0.8122247539866941,False,False,Active
838,3,33,Young Adult (25-39),Male,2025-02-26 13:11:46.223087,0.8487337440109514,0.7019809958485665,True,True,Active
839,3,95,Senior (60+),Male,2024-05-19 13:11:46.223087,1.623545516769336,0.883497168626398,False,True,Active
840,3,51,Adult (40-59),Female,2024-07-05 13:11:46.223087,1.4948665297741273,0.8915442700535054,False,False,Active
841,3,27,Young Adult (25-39),Female,2025-11-10 13:11:46.223087,0.14510609171800137,0.6794606088557941,False,True,Active
842,3,36,Young Adult (25-39),Female,2025-04-29 13:11:46.223087,0.6789869952087612,0.755931944789124,True,False,Active
843,3,54,Adult (40-59),Male,2025-08-21 13:11:46.223087,0.3668720054757016,0.8501207142309415,False,False,Active
844,3,46,Adult (40-59),Female,2025-12-05 13:11:46.223087,0.07665982203969883,0.9113930981767987,False,False,Active
845,3,63,Senior (60+),Female,2025-01-24 13:11:46.223087,0.9390828199863107,0.809315428406459,True,True,Active
846,3,45,Adult (40-59),Female,2025-06-02 13:11:46.223087,0.5859000684462696,0.8391083277483782,False,False,Active
847,3,56,Adult (40-59),Male,2025-09-23 13:11:46.223087,0.27652292950034224,0.7599958057319357,False,False,Inactive
848,3,70,Senior (60+),Female,2024-04-07 13:11:46.223087,1.7385352498288844,0.89212539510264,False,False,Active
849,3,67,Senior (60+),Female,2024-01-04 13:11:46.223087,1.995893223819302,0.8902859620723664,False,True,Active
850,3,59,Adult (40-59),Female,2025-06-28 13:11:46.223087,0.5147159479808351,0.8373991771331242,True,False,Inactive
851,3,66,Senior (60+),Female,2025-01-27 13:11:46.223087,0.9308692676249144,0.7146163124054029,False,False,Inactive
852,3,62,Senior (60+),Male,2025-12-16 13:11:46.223087,0.04654346338124572,0.8585190232576767,False,True,Inactive
853,3,59,Adult (40-59),Female,2024-03-28 13:11:46.223087,1.7659137577002053,0.9387403185640442,False,False,Active
854,3,58,Adult (40-59),Male,2024-01-08 13:11:46.223087,1.9849418206707734,0.9014620414268877,False,True,Active
855,3,73,Senior (60+),Male,2025-11-03 13:11:46.223087,0.16427104722792607,0.795380021293594,False,True,Active
856,3,38,Young Adult (25-39),Female,2024-06-09 13:11:46.223087,1.566050650239562,0.7833200958093238,False,True,Inactive
857,3,81,Senior (60+),Female,2025-03-11 13:11:46.223087,0.813141683778234,0.8130170624905513,False,False,Active
858,3,57,Adult (40-59),Female,2024-07-29 13:11:46.223087,1.429158110882957,0.7518076938158584,False,False,Active
859,3,95,Senior (60+),Female,2025-07-28 13:11:46.223087,0.432580424366872,0.8852388136863564,True,True,Active
860,3,75,Senior (60+),Female,2025-12-25 13:11:46.223087,0.02190280629705681,0.7643339979319097,False,False,Active
861,3,34,Young Adult (25-39),Female,2024-08-25 13:11:46.223087,1.3552361396303902,0.7957722884539894,False,False,Active
862,3,54,Adult (40-59),Female,2025-06-06 13:11:46.223087,0.5749486652977412,0.8461780293206018,False,False,Active
863,3,40,Adult (40-59),Male,2025-12-03 13:11:46.223087,0.08213552361396304,0.7737005247196304,True,False,Active
864,3,42,Adult (40-59),Male,2024-04-05 13:11:46.223087,1.7440109514031485,0.9486510030845927,False,False,Active
865,3,30,Young Adult (25-39),Male,2024-09-28 13:11:46.223087,1.2621492128678986,0.8022015846990784,False,False,Active
866,3,33,Young Adult (25-39),Female,2025-02-16 13:11:46.223087,0.8761122518822724,0.8336852864290817,False,False,New
867,3,30,Young Adult (25-39),Female,2024-06-30 13:11:46.223087,1.5085557837097878,0.7654245172076641,False,True,Active
868,3,94,Senior (60+),Female,2025-06-16 13:11:46.223087,0.5475701574264202,0.8128148057667035,True,False,Active
869,3,45,Adult (40-59),Male,2025-12-18 13:11:46.223087,0.04106776180698152,0.8813262147415752,False,False,Active
870,3,43,Adult (40-59),Male,2025-11-03 13:11:46.223087,0.16427104722792607,0.7703607365899073,False,True,Active
871,3,45,Adult (40-59),Female,2025-02-15 13:11:46.223087,0.8788501026694046,0.7941705565926018,False,True,Active
872,3,63,Senior (60+),Male,2024-01-18 13:11:46.223087,1.9575633127994525,0.8900918341150592,False,False,Active
873,3,53,Adult (40-59),Female,2025-07-28 13:11:46.223087,0.432580424366872,0.8373228379537532,True,False,Active
874,3,73,Senior (60+),Female,2024-07-20 13:11:46.223087,1.4537987679671458,0.7564992131945705,False,False,Active
875,3,95,Senior (60+),Male,2025-02-22 13:11:46.223087,0.8596851471594799,0.8788188605066501,False,False,Active
876,3,95,Senior (60+),Female,2024-05-01 13:11:46.223087,1.672826830937714,0.7995079704292204,False,False,Active
877,3,48,Adult (40-59),Female,2025-12-13 13:11:46.223087,0.05475701574264202,0.8682260606517033,False,False,Inactive
878,3,45,Adult (40-59),Female,2024-12-15 13:11:46.223087,1.0485968514715949,0.791415161842171,False,False,Inactive
879,3,37,Young Adult (25-39),Male,2025-05-10 13:11:46.223087,0.648870636550308,0.6638015185225633,True,True,Inactive
880,3,58,Adult (40-59),Male,2024-08-15 13:11:46.223087,1.3826146475017111,0.9121757162015837,False,True,Active
881,3,78,Senior (60+),Male,2025-07-04 13:11:46.223087,0.49828884325804246,0.7664382066231209,False,True,Active
882,3,89,Senior (60+),Female,2025-02-14 13:11:46.223087,0.8815879534565366,0.7303190149600198,True,False,Active
883,3,79,Senior (60+),Male,2024-12-30 13:11:46.223087,1.0075290896646132,0.8078189105472018,False,True,New
884,3,45,Adult (40-59),Male,2025-12-02 13:11:46.223087,0.08487337440109514,0.7755733602444835,False,True,Active
885,3,29,Young Adult (25-39),Male,2024-09-30 13:11:46.223087,1.2566735112936345,0.6500023269510733,True,False,Inactive
886,3,77,Senior (60+),Male,2025-01-01 13:11:46.223087,1.002053388090349,0.8946156325944665,False,True,Active
887,3,22,Youth (18-24),Female,2025-11-12 13:11:46.223087,0.13963039014373715,0.5760496799090702,False,False,Active
888,3,37,Young Adult (25-39),Female,2024-02-15 13:11:46.223087,1.8809034907597535,0.7958689588175992,False,True,Inactive
889,3,42,Adult (40-59),Female,2025-08-13 13:11:46.223087,0.3887748117727584,0.794858696657009,False,False,New
890,3,95,Senior (60+),Female,2024-10-15 13:11:46.223087,1.215605749486653,0.7845258394027218,True,False,Active
891,3,81,Senior (60+),Female,2025-03-11 13:11:46.223087,0.813141683778234,0.7650590268046062,False,True,Active
892,3,83,Senior (60+),Male,2025-12-05 13:11:46.223087,0.07665982203969883,0.774188201631553,False,True,Active
893,3,73,Senior (60+),Male,2024-11-21 13:11:46.223087,1.1143052703627652,0.8613387039389478,True,True,Active
894,3,95,Senior (60+),Female,2024-12-01 13:11:46.223087,1.0869267624914443,0.7156911632634247,False,True,Active
895,3,28,Young Adult (25-39),Female,2024-09-01 13:11:46.223087,1.3360711841204653,0.7918641656945219,False,False,Active
896,3,70,Senior (60+),Female,2025-05-27 13:11:46.223087,0.6023271731690623,0.890444357139519,True,False,Active
897,3,45,Adult (40-59),Female,2025-02-16 13:11:46.223087,0.8761122518822724,0.8030652275110934,False,False,New
898,3,30,Young Adult (25-39),Male,2025-12-05 13:11:46.223087,0.07665982203969883,0.8018010565043862,False,False,Inactive
899,3,80,Senior (60+),Female,2025-07-24 13:11:46.223087,0.44353182751540043,0.8027708928413535,False,True,Inactive
900,3,61,Senior (60+),Female,2024-06-04 13:11:46.223087,1.5797399041752225,0.8394418763819274,False,True,Active
901,4,50,Adult (40-59),Female,2025-10-09 13:11:46.223087,0.2327173169062286,0.888919085450657,False,True,Active
902,4,95,Senior (60+),Male,2025-08-06 13:11:46.223087,0.4079397672826831,0.872338180757469,False,False,Active
903,4,82,Senior (60+),Female,2024-09-19 13:11:46.223087,1.2867898699520877,0.7690683904489776,False,True,Active
904,4,44,Adult (40-59),Female,2024-09-25 13:11:46.223087,1.270362765229295,0.9457050936778281,False,False,Inactive
905,4,69,Senior (60+),Male,2024-12-20 13:11:46.223087,1.0349075975359343,0.8124145588805142,False,True,Active
906,4,80,Senior (60+),Male,2025-09-14 13:11:46.223087,0.30116358658453113,0.7992517505764722,False,False,Active
907,4,36,Young Adult (25-39),Female,2024-10-20 13:11:46.223087,1.2019164955509924,0.7968887864151183,True,False,Inactive
908,4,49,Adult (40-59),Male,2025-04-04 13:11:46.223087,0.7474332648870636,0.7550386827918458,False,True,Active
909,4,31,Young Adult (25-39),Male,2024-05-30 13:11:46.223087,1.593429158110883,0.813425628403117,False,False,Active
910,4,49,Adult (40-59),Female,2025-09-21 13:11:46.223087,0.28199863107460643,0.9434070550512292,False,True,Active
911,4,58,Adult (40-59),Female,2024-08-23 13:11:46.223087,1.3607118412046544,0.9225280942298357,True,True,Active
912,4,43,Adult (40-59),Female,2025-10-24 13:11:46.223087,0.19164955509924708,0.9100006963527363,True,True,Inactive
913,4,25,Young Adult (25-39),Female,2025-01-08 13:11:46.223087,0.9828884325804244,0.8230591517817825,False,True,Active
914,4,91,Senior (60+),Female,2024-08-30 13:11:46.223087,1.3415468856947297,0.7619575718418198,False,False,Active
915,4,77,Senior (60+),Female,2024-06-21 13:11:46.223087,1.5331964407939767,0.8593362794382745,True,True,Inactive
916,4,49,Adult (40-59),Male,2025-07-17 13:11:46.223087,0.46269678302532513,0.8749748199213998,True,True,Inactive
917,4,95,Senior (60+),Male,2024-03-28 13:11:46.223087,1.7659137577002053,0.7024313542954773,True,True,Active
918,4,64,Senior (60+),Female,2025-02-05 13:11:46.223087,0.9062286105407256,0.7103671598239457,True,False,Active
919,4,28,Young Adult (25-39),Male,2024-05-11 13:11:46.223087,1.6454483230663928,0.7205917006904713,False,True,Active
920,4,68,Senior (60+),Female,2025-01-02 13:11:46.223087,0.999315537303217,0.7668099931337539,False,False,Inactive
921,4,44,Adult (40-59),Female,2024-10-07 13:11:46.223087,1.2375085557837098,0.9067519684968214,True,False,Active
922,4,95,Senior (60+),Female,2025-08-30 13:11:46.223087,0.34223134839151265,0.7865533759198525,False,False,Active
923,4,36,Young Adult (25-39),Female,2025-06-22 13:11:46.223087,0.5311430527036276,0.7247842094025627,False,False,Active
924,4,95,Senior (60+),Female,2024-04-03 13:11:46.223087,1.7494866529774127,0.8283468794597116,True,True,Active
925,4,92,Senior (60+),Male,2024-01-13 13:11:46.223087,1.9712525667351128,0.783666772820456,False,False,Active
926,4,95,Senior (60+),Female,2024-10-22 13:11:46.223087,1.1964407939767283,0.7202745795106318,False,False,Active
927,4,38,Young Adult (25-39),Female,2025-05-05 13:11:46.223087,0.6625598904859685,0.8460737481884371,True,True,Active
928,4,38,Young Adult (25-39),Male,2024-08-26 13:11:46.223087,1.352498288843258,0.753740198876119,False,True,Inactive
929,4,52,Adult (40-59),Female,2025-03-25 13:11:46.223087,0.7748117727583846,0.890910885605489,True,False,Active
930,4,39,Young Adult (25-39),Male,2025-01-24 13:11:46.223087,0.9390828199863107,0.7193048335905436,True,True,Active
931,4,31,Young Adult (25-39),Female,2025-09-21 13:11:46.223087,0.28199863107460643,0.746607939511778,True,False,Inactive
932,4,44,Adult (40-59),Male,2025-02-28 13:11:46.223087,0.8432580424366872,0.80749233297945,False,True,Active
933,4,63,Senior (60+),Female,2025-10-16 13:11:46.223087,0.2135523613963039,0.7153958934129933,False,True,Active
934,4,59,Adult (40-59),Female,2024-07-13 13:11:46.223087,1.4729637234770705,0.9402846441691132,True,True,Active
935,4,46,Adult (40-59),Male,2024-07-11 13:11:46.223087,1.4784394250513346,0.8747297556580532,True,True,Active
936,4,51,Adult (40-59),Male,2024-01-11 13:11:46.223087,1.9767282683093772,0.8034804055715082,True,True,Active
937,4,81,Senior (60+),Female,2025-03-08 13:11:46.223087,0.8213552361396304,0.8220014834158972,False,False,Active
938,4,35,Young Adult (25-39),Male,2025-12-16 13:11:46.223087,0.04654346338124572,0.7042192507528131,True,False,New
939,4,88,Senior (60+),Female,2024-02-29 13:11:46.223087,1.842573579739904,0.7211811608807515,False,True,Active
940,4,65,Senior (60+),Female,2024-07-17 13:11:46.223087,1.462012320328542,0.8889472517566159,False,False,Active
941,4,73,Senior (60+),Female,2024-09-13 13:11:46.223087,1.3032169746748803,0.8175171742218803,False,True,Active
942,4,66,Senior (60+),Male,2024-02-06 13:11:46.223087,1.9055441478439425,0.8360223770893945,False,False,Active
943,4,52,Adult (40-59),Female,2024-08-03 13:11:46.223087,1.4154688569472964,0.8006203078359218,False,False,New
944,4,56,Adult (40-59),Male,2024-06-13 13:11:46.223087,1.5550992470910336,0.9415162030167634,False,False,Active
945,4,92,Senior (60+),Female,2025-05-09 13:11:46.223087,0.6516084873374401,0.8344920996050058,True,False,Inactive
946,4,50,Adult (40-59),Male,2024-08-13 13:11:46.223087,1.3880903490759753,0.7703786201745874,True,True,Active
947,4,57,Adult (40-59),Male,2024-10-11 13:11:46.223087,1.2265571526351813,0.8996768699352462,False,True,New
948,4,53,Adult (40-59),Female,2025-08-20 13:11:46.223087,0.36960985626283366,0.8368041945417517,False,True,Inactive
949,4,48,Adult (40-59),Male,2024-09-13 13:11:46.223087,1.3032169746748803,0.7518108323160742,False,False,Active
950,4,30,Young Adult (25-39),Male,2025-10-04 13:11:46.223087,0.2464065708418891,0.7726583369774758,True,False,Active
951,4,33,Young Adult (25-39),Male,2024-04-21 13:11:46.223087,1.700205338809035,0.6682782972663553,False,True,Active
952,4,77,Senior (60+),Female,2025-10-24 13:11:46.223087,0.19164955509924708,0.8754940093308964,False,True,Active
953,4,41,Adult (40-59),Female,2025-12-08 13:11:46.223087,0.06844626967830253,0.7995119540559773,False,True,Inactive
954,4,43,Adult (40-59),Female,2025-05-13 13:11:46.223087,0.6406570841889117,0.841788103319364,False,False,Active
955,4,77,Senior (60+),Male,2025-08-05 13:11:46.223087,0.4106776180698152,0.7162298357072477,False,True,Active
956,4,95,Senior (60+),Male,2025-09-07 13:11:46.223087,0.3203285420944558,0.867698366768605,True,True,Active
957,4,71,Senior (60+),Female,2024-09-28 13:11:46.223087,1.2621492128678986,0.8088507932227396,False,False,Active
958,4,70,Senior (60+),Male,2024-07-10 13:11:46.223087,1.4811772758384667,0.8233567215705082,False,True,Active
959,4,83,Senior (60+),Male,2024-11-26 13:11:46.223087,1.1006160164271048,0.7136917438667155,False,False,Active
960,4,83,Senior (60+),Female,2025-06-22 13:11:46.223087,0.5311430527036276,0.8841533216926715,False,True,Active
961,4,90,Senior (60+),Female,2025-02-25 13:11:46.223087,0.8514715947980835,0.7736897839833158,True,False,Active
962,4,95,Senior (60+),Male,2024-05-14 13:11:46.223087,1.6372347707049966,0.8332926095053672,False,True,Active
963,4,52,Adult (40-59),Male,2024-04-13 13:11:46.223087,1.7221081451060918,0.7996767217486415,False,False,Active
964,4,95,Senior (60+),Female,2025-06-24 13:11:46.223087,0.5256673511293635,0.7855202667406674,True,True,Active
965,4,95,Senior (60+),Male,2024-01-16 13:11:46.223087,1.9630390143737166,0.7128012693217242,False,False,Inactive
966,4,42,Adult (40-59),Male,2025-04-26 13:11:46.223087,0.6872005475701575,0.8084766220824386,False,False,Inactive
967,4,49,Adult (40-59),Male,2025-01-14 13:11:46.223087,0.9664613278576317,0.8505262485260261,False,True,Active
968,4,56,Adult (40-59),Female,2024-03-15 13:11:46.223087,1.8015058179329226,0.848219145876633,True,True,Active
969,4,47,Adult (40-59),Male,2024-04-15 13:11:46.223087,1.7166324435318274,0.8020473195970459,False,True,Active
970,4,95,Senior (60+),Male,2024-09-13 13:11:46.223087,1.3032169746748803,0.7320925228542452,False,False,Active
971,4,80,Senior (60+),Female,2025-10-17 13:11:46.223087,0.2108145106091718,0.8370268619748968,False,False,Active
972,4,66,Senior (60+),Male,2024-04-18 13:11:46.223087,1.7084188911704312,0.7578374892591899,False,False,Active
973,4,36,Young Adult (25-39),Male,2025-11-06 13:11:46.223087,0.15605749486652978,0.7571107629759345,False,False,New
974,4,40,Adult (40-59),Female,2024-11-20 13:11:46.223087,1.1170431211498972,0.8207578317472872,False,True,Active
975,4,71,Senior (60+),Male,2024-11-29 13:11:46.223087,1.0924024640657084,0.8827576887746519,False,True,Inactive
976,4,72,Senior (60+),Female,2024-09-19 13:11:46.223087,1.2867898699520877,0.7653485084060081,False,True,Active
977,4,60,Senior (60+),Female,2024-02-07 13:11:46.223087,1.9028062970568105,0.8752638866284623,False,False,New
978,4,24,Youth (18-24),Male,2024-11-07 13:11:46.223087,1.1526351813826146,0.598182685817854,True,True,Inactive
979,4,62,Senior (60+),Female,2024-01-25 13:11:46.223087,1.9383983572895278,0.8717633542336309,False,False,Active
980,4,95,Senior (60+),Male,2025-08-10 13:11:46.223087,0.39698836413415467,0.8675816749703608,True,False,Active
981,4,69,Senior (60+),Female,2024-09-30 13:11:46.223087,1.2566735112936345,0.8221093510030849,False,True,Active
982,4,74,Senior (60+),Male,2024-11-05 13:11:46.223087,1.158110882956879,0.8347290834949815,False,False,Active
983,4,73,Senior (60+),Female,2024-03-22 13:11:46.223087,1.782340862422998,0.7235102600300439,False,True,Inactive
984,4,39,Young Adult (25-39),Male,2025-12-09 13:11:46.223087,0.06570841889117043,0.6503984270438141,False,True,Active
985,4,86,Senior (60+),Female,2025-08-15 13:11:46.223087,0.38329911019849416,0.7322725602110767,True,True,Inactive
986,4,84,Senior (60+),Female,2024-12-24 13:11:46.223087,1.0239561943874058,0.7038257932874573,False,False,Inactive
987,4,43,Adult (40-59),Male,2024-08-22 13:11:46.223087,1.3634496919917864,0.7944722609496341,False,False,Active
988,4,34,Young Adult (25-39),Male,2025-06-22 13:11:46.223087,0.5311430527036276,0.7715505366191305,True,False,Active
989,4,32,Young Adult (25-39),Male,2025-12-17 13:11:46.223087,0.04380561259411362,0.8419725605426911,True,False,New
990,4,45,Adult (40-59),Male,2025-04-03 13:11:46.223087,0.7501711156741958,0.8613756886344192,True,True,Active
991,4,30,Young Adult (25-39),Female,2024-05-17 13:11:46.223087,1.6290212183436004,0.7892859614072214,True,False,Active
992,4,27,Young Adult (25-39),Female,2025-02-14 13:11:46.223087,0.8815879534565366,0.68433878154109,True,False,Inactive
993,4,58,Adult (40-59),Male,2024-05-15 13:11:46.223087,1.6344969199178645,0.8565008132831964,False,True,Active
994,4,64,Senior (60+),Male,2025-08-10 13:11:46.223087,0.39698836413415467,0.7674413151131504,False,False,Active
995,4,39,Young Adult (25-39),Male,2024-09-07 13:11:46.223087,1.319644079397673,0.7884147294048738,True,True,Active
996,4,47,Adult (40-59),Male,2025-08-14 13:11:46.223087,0.3860369609856263,0.7908632766797941,True,True,Active
997,4,34,Young Adult (25-39),Female,2024-07-16 13:11:46.223087,1.4647501711156743,0.7338543322332044,True,False,Inactive
998,4,56,Adult (40-59),Female,2024-06-24 13:11:46.223087,1.5249828884325805,0.8756852913229174,False,False,Active
999,4,42,Adult (40-59),Female,2024-05-31 13:11:46.223087,1.5906913073237507,0.800654476704543,True,False,Active
1000,4,95,Senior (60+),Male,2025-01-19 13:11:46.223087,0.9527720739219713,0.8686652335575766,False,False,Active
1001,4,61,Senior (60+),Male,2024-02-27 13:11:46.223087,1.8480492813141685,0.7667256791673731,False,False,Inactive
1002,4,52,Adult (40-59),Male,2024-10-23 13:11:46.223087,1.1937029431895962,0.9209948039122948,True,False,Active
1003,4,95,Senior (60+),Male,2025-04-29 13:11:46.223087,0.6789869952087612,0.793261951228034,True,False,Active
1004,4,53,Adult (40-59),Female,2025-07-15 13:11:46.223087,0.4681724845995893,0.9303548057092457,False,False,New
1005,4,43,Adult (40-59),Male,2025-12-14 13:11:46.223087,0.05201916495550993,0.7633947224050543,False,False,Active
1006,4,51,Adult (40-59),Male,2024-09-20 13:11:46.223087,1.2840520191649556,0.9436131624101518,True,True,Active
1007,4,85,Senior (60+),Male,2024-10-06 13:11:46.223087,1.2402464065708418,0.8296636014904191,False,False,Active
1008,4,53,Adult (40-59),Female,2025-11-09 13:11:46.223087,0.14784394250513347,0.8366944465511269,False,False,Active
1009,4,43,Adult (40-59),Male,2024-04-22 13:11:46.223087,1.6974674880219027,0.8618118569893204,True,False,Active
1010,4,36,Young Adult (25-39),Male,2025-01-26 13:11:46.223087,0.9336071184120466,0.7245066547519101,False,False,Active
1011,4,43,Adult (40-59),Male,2024-04-02 13:11:46.223087,1.7522245037645447,0.8239148398853546,True,False,Active
1012,4,95,Senior (60+),Male,2026-01-01 13:11:46.223087,0.0027378507871321013,0.8417531310458308,True,False,Active
1013,4,51,Adult (40-59),Female,2025-05-18 13:11:46.223087,0.6269678302532512,0.7935334799161072,False,True,Active
1014,4,53,Adult (40-59),Female,2024-12-31 13:11:46.223087,1.0047912388774811,0.9108989284863644,True,False,Active
1015,4,95,Senior (60+),Female,2024-03-06 13:11:46.223087,1.8261464750171115,0.8096838325987126,False,False,Inactive
1016,4,95,Senior (60+),Female,2024-02-02 13:11:46.223087,1.9164955509924708,0.8606004143915674,True,True,Active
1017,4,69,Senior (60+),Male,2024-05-22 13:11:46.223087,1.6153319644079398,0.7280649036387029,False,False,Active
1018,4,90,Senior (60+),Male,2025-10-04 13:11:46.223087,0.2464065708418891,0.7339762012101471,False,False,Active
1019,4,95,Senior (60+),Female,2024-11-17 13:11:46.223087,1.1252566735112937,0.8780819034438657,False,True,Active
1020,4,67,Senior (60+),Male,2025-08-19 13:11:46.223087,0.3723477070499658,0.8194310611980604,False,True,Active
1021,4,63,Senior (60+),Male,2025-06-22 13:11:46.223087,0.5311430527036276,0.877825584788002,False,False,Inactive
1022,4,95,Senior (60+),Male,2025-11-04 13:11:46.223087,0.16153319644079397,0.7947842440232206,True,False,New
1023,4,91,Senior (60+),Male,2024-05-03 13:11:46.223087,1.6673511293634498,0.754188539663273,True,False,Active
1024,4,44,Adult (40-59),Female,2024-11-24 13:11:46.223087,1.106091718001369,0.7929825274072791,False,True,Active
1025,4,38,Young Adult (25-39),Female,2025-10-16 13:11:46.223087,0.2135523613963039,0.8315677027767068,True,True,Active
1026,4,32,Young Adult (25-39),Female,2024-01-29 13:11:46.223087,1.9274469541409993,0.789231229027585,False,False,Active
1027,4,58,Adult (40-59),Male,2024-08-26 13:11:46.223087,1.352498288843258,0.9143661893170718,False,False,Active
1028,4,91,Senior (60+),Female,2025-05-31 13:11:46.223087,0.5913757700205339,0.8384717844922116,False,True,Inactive
1029,4,74,Senior (60+),Female,2025-05-20 13:11:46.223087,0.621492128678987,0.8878136958900583,True,True,Active
1030,4,32,Young Adult (25-39),Female,2024-01-18 13:11:46.223087,1.9575633127994525,0.6881853170143287,False,True,Active
1031,4,91,Senior (60+),Male,2024-07-28 13:11:46.223087,1.431895961670089,0.7437431225995854,True,False,New
1032,4,31,Young Adult (25-39),Female,2025-09-25 13:11:46.223087,0.27104722792607805,0.8129879457081078,False,False,Inactive
1033,4,75,Senior (60+),Female,2025-03-15 13:11:46.223087,0.8021902806297057,0.8521702661861563,False,False,Inactive
1034,4,38,Young Adult (25-39),Female,2024-11-18 13:11:46.223087,1.1225188227241616,0.6562298185586782,False,False,Active
1035,4,95,Senior (60+),Male,2025-06-23 13:11:46.223087,0.5284052019164955,0.7067352807748928,False,False,Inactive
1036,4,50,Adult (40-59),Male,2024-02-15 13:11:46.223087,1.8809034907597535,0.7577958641322261,False,True,Active
1037,4,71,Senior (60+),Female,2025-07-27 13:11:46.223087,0.4353182751540041,0.7646054691508187,False,False,Active
1038,4,76,Senior (60+),Female,2024-10-27 13:11:46.223087,1.1827515400410678,0.8650831328247897,False,True,Inactive
1039,4,51,Adult (40-59),Male,2025-04-19 13:11:46.223087,0.7063655030800822,0.799801747221818,False,False,Active
1040,4,43,Adult (40-59),Male,2025-06-15 13:11:46.223087,0.5503080082135524,0.949778522406658,False,False,Active
1041,4,61,Senior (60+),Male,2025-05-29 13:11:46.223087,0.5968514715947981,0.8496367824097693,True,False,Inactive
1042,4,67,Senior (60+),Male,2025-07-15 13:11:46.223087,0.4681724845995893,0.7482992970513735,False,True,Active
1043,4,66,Senior (60+),Male,2025-04-11 13:11:46.223087,0.7282683093771389,0.7822383035989172,False,True,Active
1044,4,95,Senior (60+),Male,2025-10-28 13:11:46.223087,0.1806981519507187,0.7625555978420708,False,True,Active
1045,4,45,Adult (40-59),Female,2025-04-07 13:11:46.223087,0.7392197125256673,0.7964036360617621,True,False,Active
1046,4,95,Senior (60+),Male,2025-06-09 13:11:46.223087,0.5667351129363449,0.8674239255661305,False,True,Inactive
1047,4,75,Senior (60+),Male,2024-12-11 13:11:46.223087,1.0595482546201231,0.812679070142528,True,True,Inactive
1048,4,86,Senior (60+),Female,2024-02-24 13:11:46.223087,1.8562628336755647,0.8161900759776358,True,False,New
1049,4,66,Senior (60+),Male,2024-10-24 13:11:46.223087,1.1909650924024642,0.8513460334137136,True,True,Active
1050,4,95,Senior (60+),Female,2025-10-01 13:11:46.223087,0.2546201232032854,0.7457750924966998,True,False,Active
1051,4,47,Adult (40-59),Female,2024-01-08 13:11:46.223087,1.9849418206707734,0.9356364196227902,True,False,Active
1052,4,53,Adult (40-59),Female,2025-02-25 13:11:46.223087,0.8514715947980835,0.7923271797139723,True,False,Active
1053,4,73,Senior (60+),Female,2025-07-16 13:11:46.223087,0.4654346338124572,0.8962235815735872,False,False,Inactive
1054,4,92,Senior (60+),Male,2024-02-22 13:11:46.223087,1.8617385352498288,0.8186316438078937,True,False,Active
1055,4,73,Senior (60+),Female,2024-02-05 13:11:46.223087,1.9082819986310746,0.7909528685105323,True,True,Active
1056,4,94,Senior (60+),Male,2024-07-03 13:11:46.223087,1.5003422313483916,0.8883383973316061,False,False,Active
1057,4,94,Senior (60+),Male,2025-09-03 13:11:46.223087,0.33127994524298426,0.8000718892431121,False,False,Active
1058,4,91,Senior (60+),Male,2024-02-08 13:11:46.223087,1.9000684462696784,0.755057642690372,False,True,Inactive
1059,4,90,Senior (60+),Female,2024-03-12 13:11:46.223087,1.809719370294319,0.8271880653653422,False,True,Active
1060,4,35,Young Adult (25-39),Female,2024-05-06 13:11:46.223087,1.6591375770020533,0.7410343983467312,True,True,Active
1061,4,67,Senior (60+),Male,2024-08-04 13:11:46.223087,1.4127310061601643,0.8674734159540302,True,False,Active
1062,4,72,Senior (60+),Female,2024-04-01 13:11:46.223087,1.754962354551677,0.8676309949977286,False,False,Inactive
1063,4,95,Senior (60+),Female,2025-12-26 13:11:46.223087,0.019164955509924708,0.892184029385765,False,False,Active
1064,4,38,Young Adult (25-39),Female,2025-08-13 13:11:46.223087,0.3887748117727584,0.6807382085688409,False,False,Active
1065,4,95,Senior (60+),Female,2025-10-11 13:11:46.223087,0.2272416153319644,0.7554025048651958,False,True,Active
1066,4,61,Senior (60+),Female,2025-12-28 13:11:46.223087,0.013689253935660506,0.770984932175402,False,True,Active
1067,4,79,Senior (60+),Male,2025-10-04 13:11:46.223087,0.2464065708418891,0.7063487530745977,False,True,Active
1068,4,41,Adult (40-59),Female,2025-03-02 13:11:46.223087,0.837782340862423,0.9261946011279314,True,True,Inactive
1069,4,54,Adult (40-59),Male,2024-08-07 13:11:46.223087,1.404517453798768,0.8818090820264465,False,False,Active
1070,4,69,Senior (60+),Female,2024-03-12 13:11:46.223087,1.809719370294319,0.7393307169905917,True,False,Inactive
1071,4,50,Adult (40-59),Female,2024-04-28 13:11:46.223087,1.68104038329911,0.8073039097854245,True,False,Active
1072,4,65,Senior (60+),Male,2024-02-01 13:11:46.223087,1.919233401779603,0.8694775861142747,True,False,New
1073,4,59,Adult (40-59),Female,2025-05-07 13:11:46.223087,0.6570841889117043,0.8170558100156591,False,False,Active
1074,4,67,Senior (60+),Female,2025-10-06 13:11:46.223087,0.24093086926762491,0.717020697223957,False,False,Active
1075,4,66,Senior (60+),Male,2025-03-01 13:11:46.223087,0.840520191649555,0.7142069778088004,False,True,Active
1076,4,43,Adult (40-59),Male,2024-11-21 13:11:46.223087,1.1143052703627652,0.8037124334907285,True,False,Inactive
1077,4,43,Adult (40-59),Male,2024-12-30 13:11:46.223087,1.0075290896646132,0.7834982178188216,False,True,Active
1078,4,29,Young Adult (25-39),Male,2025-01-21 13:11:46.223087,0.947296372347707,0.7152507836082294,False,True,Active
1079,4,47,Adult (40-59),Female,2024-11-13 13:11:46.223087,1.136208076659822,0.7965011984415662,False,True,Active
1080,4,49,Adult (40-59),Female,2024-09-02 13:11:46.223087,1.3333333333333333,0.884798841629146,False,False,Active
1081,4,45,Adult (40-59),Male,2024-11-07 13:11:46.223087,1.1526351813826146,0.7921013879330686,True,False,Inactive
1082,4,49,Adult (40-59),Female,2024-04-06 13:11:46.223087,1.7412731006160165,0.922931784371628,False,False,New
1083,4,66,Senior (60+),Male,2024-06-08 13:11:46.223087,1.568788501026694,0.716547367123638,True,False,Inactive
1084,4,27,Young Adult (25-39),Female,2024-11-15 13:11:46.223087,1.1307323750855578,0.810760978096695,True,False,Inactive
1085,4,54,Adult (40-59),Male,2025-06-14 13:11:46.223087,0.5530458590006845,0.866139816910857,True,True,Active
1086,4,35,Young Adult (25-39),Male,2025-06-20 13:11:46.223087,0.5366187542778919,0.7047280835721543,True,False,Active
1087,4,58,Adult (40-59),Male,2025-09-02 13:11:46.223087,0.33401779603011633,0.7664544648554124,True,False,Active
1088,4,27,Young Adult (25-39),Female,2025-11-07 13:11:46.223087,0.15331964407939766,0.6613957453994737,True,False,Active
1089,4,49,Adult (40-59),Female,2024-08-04 13:11:46.223087,1.4127310061601643,0.8416862848262876,True,True,Active
1090,4,72,Senior (60+),Male,2025-03-29 13:11:46.223087,0.7638603696098563,0.8554098571303512,True,True,Active
1091,4,95,Senior (60+),Male,2025-10-01 13:11:46.223087,0.2546201232032854,0.7627750993444941,True,True,Active
1092,4,95,Senior (60+),Female,2024-05-26 13:11:46.223087,1.6043805612594113,0.8779038622087526,False,True,Active
1093,4,61,Senior (60+),Female,2024-12-14 13:11:46.223087,1.051334702258727,0.7390333034437301,True,True,New
1094,4,95,Senior (60+),Male,2024-02-23 13:11:46.223087,1.8590006844626967,0.7966361726627337,False,True,Active
1095,4,56,Adult (40-59),Female,2025-12-24 13:11:46.223087,0.024640657084188913,0.8222807558134373,False,True,Inactive
1096,4,51,Adult (40-59),Male,2026-01-02 13:11:46.223087,0.0,0.8407979822399397,False,False,Active
1097,4,89,Senior (60+),Male,2024-05-16 13:11:46.223087,1.6317590691307324,0.7252004055727989,False,False,Active
1098,4,64,Senior (60+),Female,2025-04-13 13:11:46.223087,0.7227926078028748,0.7979248924100489,False,False,Active
1099,4,34,Young Adult (25-39),Male,2024-08-27 13:11:46.223087,1.3497604380561259,0.6959653451595237,True,False,Active
1100,4,25,Young Adult (25-39),Female,2025-01-09 13:11:46.223087,0.9801505817932923,0.6782447086746299,True,False,Active
1101,4,83,Senior (60+),Female,2024-11-30 13:11:46.223087,1.0896646132785763,0.7370540710766647,False,True,Active
1102,4,39,Young Adult (25-39),Female,2025-05-07 13:11:46.223087,0.6570841889117043,0.8151421903121334,False,True,Active
1103,4,42,Adult (40-59),Male,2025-08-13 13:11:46.223087,0.3887748117727584,0.9354247563728898,False,True,Active
1104,4,59,Adult (40-59),Female,2024-04-21 13:11:46.223087,1.700205338809035,0.8249096486759162,False,True,Active
1105,4,69,Senior (60+),Female,2025-04-19 13:11:46.223087,0.7063655030800822,0.7734781457394141,False,True,Active
1106,4,60,Senior (60+),Female,2024-06-13 13:11:46.223087,1.5550992470910336,0.8591852774287005,False,True,Inactive
1107,4,40,Adult (40-59),Female,2025-08-30 13:11:46.223087,0.34223134839151265,0.8845529228824933,False,True,Inactive
1108,4,43,Adult (40-59),Male,2025-07-13 13:11:46.223087,0.4736481861738535,0.799933790548046,True,False,Active
1109,4,43,Adult (40-59),Female,2025-12-31 13:11:46.223087,0.0054757015742642025,0.7501306781522599,True,False,Active
1110,4,65,Senior (60+),Female,2024-04-11 13:11:46.223087,1.727583846680356,0.8500531527877685,True,False,Active
1111,4,67,Senior (60+),Female,2024-04-23 13:11:46.223087,1.6947296372347707,0.7916647189175151,True,False,Active
1112,4,42,Adult (40-59),Male,2024-08-12 13:11:46.223087,1.3908281998631074,0.934147930068527,False,False,Active
1113,4,51,Adult (40-59),Male,2024-01-03 13:11:46.223087,1.998631074606434,0.8082921826987588,False,False,Active
1114,4,43,Adult (40-59),Female,2025-09-24 13:11:46.223087,0.2737850787132101,0.843613810846858,True,False,Active
1115,4,42,Adult (40-59),Female,2025-08-08 13:11:46.223087,0.4024640657084189,0.9021151284910565,False,False,Active
1116,4,56,Adult (40-59),Male,2024-12-20 13:11:46.223087,1.0349075975359343,0.8693821381093312,False,False,Active
1117,4,46,Adult (40-59),Female,2024-05-12 13:11:46.223087,1.6427104722792607,0.784141672662496,True,False,New
1118,4,95,Senior (60+),Female,2024-01-03 13:11:46.223087,1.998631074606434,0.7408896744928546,True,True,Active
1119,4,61,Senior (60+),Female,2025-03-20 13:11:46.223087,0.7885010266940452,0.8821211434428844,False,False,Active
1120,4,25,Young Adult (25-39),Male,2025-03-23 13:11:46.223087,0.7802874743326489,0.7502551289251459,False,False,Active
1121,4,25,Young Adult (25-39),Female,2025-01-30 13:11:46.223087,0.9226557152635181,0.6821359169423691,False,True,New
1122,4,95,Senior (60+),Male,2025-11-19 13:11:46.223087,0.12046543463381246,0.7898077535860252,True,True,Active
1123,4,45,Adult (40-59),Female,2025-05-15 13:11:46.223087,0.6351813826146475,0.8062099500333778,False,True,Active
1124,4,66,Senior (60+),Female,2025-03-03 13:11:46.223087,0.8350444900752909,0.7759503045838635,False,False,New
1125,4,47,Adult (40-59),Male,2025-10-02 13:11:46.223087,0.2518822724161533,0.7750972593598301,False,True,Inactive
1126,4,95,Senior (60+),Female,2025-01-30 13:11:46.223087,0.9226557152635181,0.7473866649813297,True,True,Active
1127,4,77,Senior (60+),Male,2025-05-27 13:11:46.223087,0.6023271731690623,0.7774645035950628,False,True,New
1128,4,95,Senior (60+),Female,2025-08-15 13:11:46.223087,0.38329911019849416,0.7038310971102505,True,True,Active
1129,4,60,Senior (60+),Male,2025-01-14 13:11:46.223087,0.9664613278576317,0.7468851200023029,False,False,Active
1130,4,95,Senior (60+),Female,2025-06-25 13:11:46.223087,0.5229295003422314,0.7060207744422637,False,True,Inactive
1131,4,60,Senior (60+),Male,2024-04-02 13:11:46.223087,1.7522245037645447,0.7530992814858144,False,False,New
1132,4,64,Senior (60+),Female,2024-03-22 13:11:46.223087,1.782340862422998,0.8356999936585275,False,False,Active
1133,4,83,Senior (60+),Female,2024-01-14 13:11:46.223087,1.9685147159479808,0.8769710235392009,False,False,Active
1134,4,47,Adult (40-59),Female,2024-12-07 13:11:46.223087,1.0704996577686516,0.8054929359449908,False,False,Active
1135,4,83,Senior (60+),Male,2024-06-22 13:11:46.223087,1.5304585900068446,0.7623758871527451,False,False,Active
1136,4,95,Senior (60+),Female,2025-08-02 13:11:46.223087,0.4188911704312115,0.7157878805893111,True,False,Active
1137,4,29,Young Adult (25-39),Female,2024-02-24 13:11:46.223087,1.8562628336755647,0.8169143580511256,False,False,Active
1138,4,49,Adult (40-59),Male,2024-03-27 13:11:46.223087,1.7686516084873374,0.7871466144010371,False,False,Active
1139,4,75,Senior (60+),Female,2024-05-17 13:11:46.223087,1.6290212183436004,0.7184721056222757,True,True,Active
1140,4,53,Adult (40-59),Male,2025-09-12 13:11:46.223087,0.3066392881587953,0.869042566825375,False,False,Active
1141,4,60,Senior (60+),Male,2025-01-15 13:11:46.223087,0.9637234770704997,0.7941920504869466,True,False,Active
1142,4,81,Senior (60+),Male,2025-06-26 13:11:46.223087,0.5201916495550992,0.8808719549987715,True,True,Active
1143,4,81,Senior (60+),Female,2024-06-08 13:11:46.223087,1.568788501026694,0.8514096229397251,False,True,Active
1144,4,75,Senior (60+),Female,2025-11-09 13:11:46.223087,0.14784394250513347,0.7804812518598623,False,True,Active
1145,4,36,Young Adult (25-39),Male,2024-12-21 13:11:46.223087,1.0321697467488022,0.8291125696263677,False,False,Active
1146,4,51,Adult (40-59),Female,2024-06-22 13:11:46.223087,1.5304585900068446,0.8043266362548739,False,True,Active
1147,4,74,Senior (60+),Male,2025-07-01 13:11:46.223087,0.5065023956194388,0.7369264914694738,False,False,Active
1148,4,40,Adult (40-59),Female,2024-05-30 13:11:46.223087,1.593429158110883,0.7739782186945424,True,False,Active
1149,4,27,Young Adult (25-39),Female,2025-11-27 13:11:46.223087,0.09856262833675565,0.7562909828378611,False,False,Active
1150,4,56,Adult (40-59),Female,2025-06-30 13:11:46.223087,0.5092402464065708,0.8692163910476611,False,True,New
1151,4,27,Young Adult (25-39),Female,2024-10-08 13:11:46.223087,1.2347707049965777,0.6828811058157758,True,False,Active
1152,4,61,Senior (60+),Female,2025-08-23 13:11:46.223087,0.3613963039014374,0.768791537311537,False,False,Active
1153,4,38,Young Adult (25-39),Male,2025-11-21 13:11:46.223087,0.11498973305954825,0.7817322709879534,False,False,New
1154,4,95,Senior (60+),Male,2024-11-18 13:11:46.223087,1.1225188227241616,0.779903756917387,False,False,Active
1155,4,81,Senior (60+),Male,2024-04-12 13:11:46.223087,1.7248459958932238,0.7021622167270393,False,True,Active
1156,4,70,Senior (60+),Male,2024-09-16 13:11:46.223087,1.2950034223134839,0.81537147622654,True,False,Active
1157,4,71,Senior (60+),Male,2025-09-02 13:11:46.223087,0.33401779603011633,0.7237418191018222,False,False,Active
1158,4,61,Senior (60+),Male,2024-05-04 13:11:46.223087,1.6646132785763177,0.7064886892094373,False,True,Active
1159,4,43,Adult (40-59),Male,2025-10-27 13:11:46.223087,0.1834360027378508,0.8564583751902909,False,False,Active
1160,4,28,Young Adult (25-39),Male,2025-04-25 13:11:46.223087,0.6899383983572895,0.8137480458968102,False,False,Active
1161,4,74,Senior (60+),Female,2025-03-15 13:11:46.223087,0.8021902806297057,0.7519341677900828,True,False,Active
1162,4,56,Adult (40-59),Female,2024-03-06 13:11:46.223087,1.8261464750171115,0.7600699053938706,False,False,Active
1163,4,70,Senior (60+),Male,2024-09-30 13:11:46.223087,1.2566735112936345,0.838402251189331,False,False,New
1164,4,31,Young Adult (25-39),Female,2025-09-18 13:11:46.223087,0.29021218343600275,0.7005716236500222,True,False,Active
1165,4,52,Adult (40-59),Male,2025-03-19 13:11:46.223087,0.7912388774811773,0.8218417493965381,False,True,Active
1166,4,69,Senior (60+),Male,2024-09-24 13:11:46.223087,1.273100616016427,0.770163821867003,True,True,Active
1167,4,69,Senior (60+),Male,2025-04-03 13:11:46.223087,0.7501711156741958,0.8611429051336436,False,True,Active
1168,4,36,Young Adult (25-39),Female,2024-02-10 13:11:46.223087,1.894592744695414,0.7433386241768817,True,False,New
1169,4,44,Adult (40-59),Male,2025-08-13 13:11:46.223087,0.3887748117727584,0.9181817420805813,False,False,Active
1170,4,45,Adult (40-59),Female,2025-03-24 13:11:46.223087,0.7775496235455168,0.9147247221497947,False,False,Inactive
1171,4,33,Young Adult (25-39),Male,2025-07-09 13:11:46.223087,0.48459958932238195,0.7418248046573361,True,False,Inactive
1172,4,68,Senior (60+),Male,2025-05-10 13:11:46.223087,0.648870636550308,0.886749884600294,False,False,Active
1173,4,53,Adult (40-59),Female,2025-12-01 13:11:46.223087,0.08761122518822724,0.8563144305373462,False,False,New
1174,4,57,Adult (40-59),Female,2024-04-04 13:11:46.223087,1.7467488021902806,0.7822437623950245,False,False,Active
1175,4,46,Adult (40-59),Female,2025-04-17 13:11:46.223087,0.7118412046543463,0.9442301814736571,False,True,Active
1176,4,95,Senior (60+),Male,2025-01-30 13:11:46.223087,0.9226557152635181,0.7835333991633989,True,True,Active
1177,4,71,Senior (60+),Female,2025-12-08 13:11:46.223087,0.06844626967830253,0.822559167107302,False,False,Active
1178,4,62,Senior (60+),Male,2024-07-15 13:11:46.223087,1.4674880219028064,0.7709332409970165,True,True,New
1179,4,71,Senior (60+),Female,2024-09-03 13:11:46.223087,1.3305954825462012,0.7806415512266505,False,False,Active
1180,4,68,Senior (60+),Female,2025-05-28 13:11:46.223087,0.5995893223819302,0.774691589026541,False,True,Active
1181,4,69,Senior (60+),Male,2024-12-13 13:11:46.223087,1.054072553045859,0.7211748636426258,False,True,Active
1182,4,37,Young Adult (25-39),Female,2025-06-21 13:11:46.223087,0.5338809034907598,0.7816319648595147,False,False,Active
1183,4,28,Young Adult (25-39),Male,2025-08-18 13:11:46.223087,0.3750855578370979,0.7290518630862316,False,True,Active
1184,4,49,Adult (40-59),Male,2025-11-02 13:11:46.223087,0.16700889801505817,0.7583830433432515,False,False,Active
1185,4,50,Adult (40-59),Male,2025-12-21 13:11:46.223087,0.03285420944558522,0.7836407311533037,True,False,New
1186,4,61,Senior (60+),Female,2024-04-11 13:11:46.223087,1.727583846680356,0.8004854574332753,False,False,Active
1187,4,88,Senior (60+),Male,2024-04-20 13:11:46.223087,1.702943189596167,0.8916236017838868,False,False,Active
1188,4,67,Senior (60+),Female,2024-07-28 13:11:46.223087,1.431895961670089,0.8832841089064133,True,False,Active
1189,4,52,Adult (40-59),Female,2025-02-17 13:11:46.223087,0.8733744010951403,0.8759641308869415,True,False,Active
1190,4,95,Senior (60+),Male,2024-11-27 13:11:46.223087,1.0978781656399725,0.8354876142456589,False,False,Active
1191,4,45,Adult (40-59),Female,2024-05-05 13:11:46.223087,1.6618754277891854,0.8962992928086277,True,True,Active
1192,4,51,Adult (40-59),Male,2025-07-22 13:11:46.223087,0.4490075290896646,0.8580593063580614,False,False,Active
1193,4,65,Senior (60+),Female,2024-04-14 13:11:46.223087,1.7193702943189597,0.7862603412682029,False,True,Active
1194,4,78,Senior (60+),Male,2024-01-09 13:11:46.223087,1.9822039698836413,0.8688424650572286,True,True,Active
1195,4,52,Adult (40-59),Female,2024-10-19 13:11:46.223087,1.2046543463381245,0.8528190885102519,False,False,Active
1196,4,76,Senior (60+),Male,2024-05-11 13:11:46.223087,1.6454483230663928,0.7078538828483304,True,True,Active
1197,4,28,Young Adult (25-39),Male,2024-09-03 13:11:46.223087,1.3305954825462012,0.6512758086813182,False,True,Active
1198,4,95,Senior (60+),Male,2025-05-28 13:11:46.223087,0.5995893223819302,0.8342186314171952,False,False,Active
1199,4,43,Adult (40-59),Male,2024-01-07 13:11:46.223087,1.9876796714579055,0.9393512489384481,True,False,New
1200,4,95,Senior (60+),Female,2025-09-27 13:11:46.223087,0.2655715263518138,0.8980664607587296,False,False,Active
1201,4,47,Adult (40-59),Male,2025-04-22 13:11:46.223087,0.6981519507186859,0.8707057613002241,True,True,Inactive
1202,4,95,Senior (60+),Female,2025-12-04 13:11:46.223087,0.07939767282683094,0.8877059566946262,False,True,New
1203,4,90,Senior (60+),Female,2024-02-27 13:11:46.223087,1.8480492813141685,0.8245506806479682,True,True,Active
1204,4,42,Adult (40-59),Male,2025-04-11 13:11:46.223087,0.7282683093771389,0.8334386837129153,True,True,Active
1205,4,37,Young Adult (25-39),Male,2024-06-12 13:11:46.223087,1.5578370978781657,0.6841872804841697,False,True,Inactive
1206,4,95,Senior (60+),Female,2025-04-02 13:11:46.223087,0.7529089664613279,0.7168255324518765,False,False,Inactive
1207,4,47,Adult (40-59),Male,2024-08-25 13:11:46.223087,1.3552361396303902,0.7700491127445753,True,True,Active
1208,4,36,Young Adult (25-39),Female,2024-07-25 13:11:46.223087,1.4401095140314852,0.6547415507289037,False,True,Active
1209,4,67,Senior (60+),Female,2024-02-27 13:11:46.223087,1.8480492813141685,0.8949381192097103,True,False,Active
1210,4,49,Adult (40-59),Female,2025-02-02 13:11:46.223087,0.9144421629021219,0.9352927595912369,True,False,Active
1211,4,46,Adult (40-59),Male,2024-10-05 13:11:46.223087,1.242984257357974,0.7601244944538148,True,True,Active
1212,4,60,Senior (60+),Male,2024-10-16 13:11:46.223087,1.212867898699521,0.7057304855155309,True,False,Active
1213,4,46,Adult (40-59),Male,2024-12-19 13:11:46.223087,1.0376454483230664,0.7522605073178045,False,False,Inactive
1214,4,43,Adult (40-59),Male,2025-10-17 13:11:46.223087,0.2108145106091718,0.8676704441966306,False,False,Active
1215,4,87,Senior (60+),Female,2025-02-27 13:11:46.223087,0.8459958932238193,0.8947600826714299,False,True,Active
1216,4,28,Young Adult (25-39),Female,2025-04-20 13:11:46.223087,0.70362765229295,0.7042984005085423,True,True,Inactive
1217,4,66,Senior (60+),Female,2024-09-12 13:11:46.223087,1.3059548254620124,0.7749443941014753,False,True,New
1218,4,44,Adult (40-59),Male,2024-06-03 13:11:46.223087,1.5824777549623545,0.9164727079321989,False,True,New
1219,4,59,Adult (40-59),Male,2025-06-02 13:11:46.223087,0.5859000684462696,0.7948637117707053,False,True,Inactive
1220,4,75,Senior (60+),Male,2025-12-16 13:11:46.223087,0.04654346338124572,0.7190721842546006,False,True,Active
1221,4,46,Adult (40-59),Female,2024-01-15 13:11:46.223087,1.9657768651608487,0.8174908557928457,False,True,Active
1222,4,76,Senior (60+),Male,2025-10-27 13:11:46.223087,0.1834360027378508,0.7985070761428579,True,False,Active
1223,4,41,Adult (40-59),Male,2025-04-17 13:11:46.223087,0.7118412046543463,0.8168802357977497,False,False,Active
1224,4,76,Senior (60+),Female,2025-12-23 13:11:46.223087,0.02737850787132101,0.8143991756567186,True,False,Active
1225,4,23,Youth (18-24),Male,2025-12-23 13:11:46.223087,0.02737850787132101,0.6900402324475398,False,True,Inactive
1226,4,53,Adult (40-59),Male,2024-12-08 13:11:46.223087,1.0677618069815196,0.8222149452682075,True,False,Active
1227,4,53,Adult (40-59),Male,2025-09-21 13:11:46.223087,0.28199863107460643,0.885939443366669,False,True,Inactive
1228,4,95,Senior (60+),Female,2024-02-28 13:11:46.223087,1.8453114305270362,0.8283008962512504,False,True,Active
1229,4,40,Adult (40-59),Male,2025-09-27 13:11:46.223087,0.2655715263518138,0.9272172217627033,False,True,Active
1230,4,50,Adult (40-59),Male,2024-03-11 13:11:46.223087,1.8124572210814511,0.8322607944132462,True,True,Active
1231,4,74,Senior (60+),Female,2025-10-28 13:11:46.223087,0.1806981519507187,0.8344767686583408,False,False,Inactive
1232,4,72,Senior (60+),Male,2025-12-22 13:11:46.223087,0.030116358658453114,0.7793984324414949,False,False,Active
1233,4,86,Senior (60+),Female,2024-10-02 13:11:46.223087,1.2511978097193703,0.8475901894795185,True,True,Active
1234,4,95,Senior (60+),Male,2025-05-14 13:11:46.223087,0.6379192334017796,0.7162459269613345,False,False,Inactive
1235,4,36,Young Adult (25-39),Female,2024-10-28 13:11:46.223087,1.1800136892539357,0.6812403015861199,False,False,New
1236,4,74,Senior (60+),Male,2024-03-10 13:11:46.223087,1.8151950718685832,0.8732203090755669,False,False,Active
1237,4,92,Senior (60+),Female,2024-07-04 13:11:46.223087,1.4976043805612593,0.7935362424969754,False,True,Active
1238,4,33,Young Adult (25-39),Male,2024-04-26 13:11:46.223087,1.6865160848733745,0.7160569335004169,False,False,Active
1239,4,95,Senior (60+),Male,2025-10-06 13:11:46.223087,0.24093086926762491,0.8701149056030232,True,False,Active
1240,4,85,Senior (60+),Female,2024-05-17 13:11:46.223087,1.6290212183436004,0.8559033402848127,True,True,Active
1241,4,72,Senior (60+),Male,2024-10-27 13:11:46.223087,1.1827515400410678,0.8636760849559071,True,False,Active
1242,4,76,Senior (60+),Female,2025-06-18 13:11:46.223087,0.5420944558521561,0.8731124766344407,False,True,Active
1243,4,42,Adult (40-59),Female,2024-12-02 13:11:46.223087,1.0841889117043122,0.7751910392758716,False,False,Inactive
1244,4,47,Adult (40-59),Female,2025-04-02 13:11:46.223087,0.7529089664613279,0.8688483654617194,True,True,Inactive
1245,4,84,Senior (60+),Female,2024-06-26 13:11:46.223087,1.5195071868583163,0.8365064919075443,True,True,Active
1246,4,28,Young Adult (25-39),Male,2024-02-20 13:11:46.223087,1.8672142368240932,0.8037162661826404,False,False,Active
1247,4,95,Senior (60+),Female,2024-06-15 13:11:46.223087,1.5496235455167693,0.8384708612308829,True,True,Active
1248,4,75,Senior (60+),Male,2025-11-15 13:11:46.223087,0.13141683778234087,0.7437427777813078,True,True,New
1249,4,33,Young Adult (25-39),Male,2025-08-13 13:11:46.223087,0.3887748117727584,0.6761947485988349,False,True,Active
1250,4,90,Senior (60+),Male,2025-12-27 13:11:46.223087,0.01642710472279261,0.8468302518083293,False,False,Active
1251,4,66,Senior (60+),Male,2025-04-06 13:11:46.223087,0.7419575633127995,0.7957056739839045,False,True,Active
1252,4,53,Adult (40-59),Male,2025-05-28 13:11:46.223087,0.5995893223819302,0.7527364829521362,False,False,Active
1253,4,72,Senior (60+),Female,2025-07-15 13:11:46.223087,0.4681724845995893,0.7517183182269568,False,True,Inactive
1254,4,59,Adult (40-59),Male,2025-08-12 13:11:46.223087,0.3915126625598905,0.8596290405456044,False,False,New
1255,4,51,Adult (40-59),Male,2024-12-14 13:11:46.223087,1.051334702258727,0.8091864058873233,False,False,Active
1256,4,63,Senior (60+),Male,2025-07-20 13:11:46.223087,0.4544832306639288,0.8780768641710532,True,True,Inactive
1257,4,59,Adult (40-59),Female,2025-04-03 13:11:46.223087,0.7501711156741958,0.8627839133511247,True,True,Active
1258,4,41,Adult (40-59),Male,2025-08-22 13:11:46.223087,0.36413415468856947,0.8701824011318172,False,False,Active
1259,4,58,Adult (40-59),Female,2024-03-28 13:11:46.223087,1.7659137577002053,0.9334536133155361,False,False,New
1260,4,37,Young Adult (25-39),Male,2025-02-09 13:11:46.223087,0.8952772073921971,0.708670684288202,False,False,Active
1261,4,51,Adult (40-59),Female,2024-02-29 13:11:46.223087,1.842573579739904,0.8895665571010339,False,False,Active
1262,4,60,Senior (60+),Female,2025-02-01 13:11:46.223087,0.917180013689254,0.8359266364790288,True,True,Active
1263,4,61,Senior (60+),Male,2025-04-03 13:11:46.223087,0.7501711156741958,0.7591648194993071,True,False,Active
1264,4,76,Senior (60+),Female,2025-03-03 13:11:46.223087,0.8350444900752909,0.8186922765409448,True,False,New
1265,4,36,Young Adult (25-39),Female,2025-03-12 13:11:46.223087,0.810403832991102,0.7957556108901295,True,False,Active
1266,4,93,Senior (60+),Female,2024-08-02 13:11:46.223087,1.4182067077344285,0.7685461850855814,False,False,New
1267,4,34,Young Adult (25-39),Female,2024-03-10 13:11:46.223087,1.8151950718685832,0.6688837795320962,True,True,New
1268,4,42,Adult (40-59),Male,2025-03-02 13:11:46.223087,0.837782340862423,0.8957878400210314,False,False,Inactive
1269,4,65,Senior (60+),Male,2024-05-22 13:11:46.223087,1.6153319644079398,0.7236437244582177,True,True,Active
1270,4,33,Young Adult (25-39),Female,2024-02-15 13:11:46.223087,1.8809034907597535,0.7580598813523,False,True,Active
1271,4,42,Adult (40-59),Male,2025-04-21 13:11:46.223087,0.7008898015058179,0.9415263292545175,True,True,Active
1272,4,74,Senior (60+),Female,2025-10-19 13:11:46.223087,0.2053388090349076,0.8097745603085199,True,False,Active
1273,4,95,Senior (60+),Female,2024-07-04 13:11:46.223087,1.4976043805612593,0.8214270561767154,False,False,Active
1274,4,32,Young Adult (25-39),Female,2024-10-12 13:11:46.223087,1.2238193018480492,0.7129836889177792,False,True,Active
1275,4,45,Adult (40-59),Female,2025-08-20 13:11:46.223087,0.36960985626283366,0.7853793901647967,False,False,Active
1276,4,57,Adult (40-59),Male,2025-05-04 13:11:46.223087,0.6652977412731006,0.924723705747443,False,False,Active
1277,4,65,Senior (60+),Male,2024-09-24 13:11:46.223087,1.273100616016427,0.8165428898689363,False,True,Active
1278,4,45,Adult (40-59),Male,2025-12-12 13:11:46.223087,0.057494866529774126,0.830540744198912,False,True,Active
1279,4,88,Senior (60+),Female,2025-10-15 13:11:46.223087,0.216290212183436,0.8364383378510197,True,True,Active
1280,4,41,Adult (40-59),Male,2024-03-21 13:11:46.223087,1.78507871321013,0.7756651724377529,False,True,Active
1281,5,48,Adult (40-59),Female,2024-06-22 13:11:46.223087,1.5304585900068446,0.8886844256112618,False,False,Active
1282,5,89,Senior (60+),Female,2024-11-06 13:11:46.223087,1.1553730321697468,0.7999917983929576,False,False,Active
1283,5,81,Senior (60+),Female,2025-08-18 13:11:46.223087,0.3750855578370979,0.8238345470731674,False,True,Active
1284,5,47,Adult (40-59),Female,2025-01-18 13:11:46.223087,0.9555099247091033,0.919991866100641,False,False,Active
1285,5,28,Young Adult (25-39),Male,2024-08-13 13:11:46.223087,1.3880903490759753,0.6751099579796954,False,False,Inactive
1286,5,95,Senior (60+),Male,2025-07-28 13:11:46.223087,0.432580424366872,0.7172064314065886,False,False,Active
1287,5,44,Adult (40-59),Male,2024-05-16 13:11:46.223087,1.6317590691307324,0.7710966854922071,False,True,Active
1288,5,94,Senior (60+),Female,2025-03-30 13:11:46.223087,0.7611225188227242,0.8275548283691183,True,True,Active
1289,5,95,Senior (60+),Male,2024-05-03 13:11:46.223087,1.6673511293634498,0.7083157919693187,True,False,Active
1290,5,95,Senior (60+),Male,2024-11-12 13:11:46.223087,1.1389459274469542,0.7615541810586298,True,False,Active
1291,5,57,Adult (40-59),Male,2024-04-26 13:11:46.223087,1.6865160848733745,0.9295870586887474,True,False,Active
1292,5,67,Senior (60+),Male,2024-07-22 13:11:46.223087,1.4483230663928817,0.7729644940415598,True,False,Active
1293,5,95,Senior (60+),Male,2025-04-27 13:11:46.223087,0.6844626967830253,0.7932363182255113,False,True,Active
1294,5,74,Senior (60+),Male,2024-01-13 13:11:46.223087,1.9712525667351128,0.7717243163907183,False,False,Active
1295,5,39,Young Adult (25-39),Male,2024-07-25 13:11:46.223087,1.4401095140314852,0.6541868235653466,False,True,Active
1296,5,49,Adult (40-59),Female,2024-10-13 13:11:46.223087,1.2210814510609171,0.8904214908227585,False,False,Inactive
1297,5,54,Adult (40-59),Male,2025-09-21 13:11:46.223087,0.28199863107460643,0.8851325804414145,False,True,Inactive
1298,5,95,Senior (60+),Male,2024-01-17 13:11:46.223087,1.9603011635865846,0.7824559455663331,False,False,Active
1299,5,45,Adult (40-59),Male,2025-07-06 13:11:46.223087,0.4928131416837782,0.80017581997814,False,True,Active
1300,5,63,Senior (60+),Female,2025-06-02 13:11:46.223087,0.5859000684462696,0.7755678427454373,False,False,Active
1301,5,38,Young Adult (25-39),Male,2024-04-21 13:11:46.223087,1.700205338809035,0.7178610534619135,False,False,Active
1302,5,34,Young Adult (25-39),Male,2025-06-12 13:11:46.223087,0.5585215605749486,0.84954987780204,False,False,Active
1303,5,58,Adult (40-59),Male,2025-04-24 13:11:46.223087,0.6926762491444216,0.8209457113460426,False,False,Active
1304,5,39,Young Adult (25-39),Male,2024-10-24 13:11:46.223087,1.1909650924024642,0.7329651311042704,True,False,Active
1305,5,52,Adult (40-59),Female,2025-04-14 13:11:46.223087,0.7200547570157426,0.8819380545860949,False,False,Active
1306,5,95,Senior (60+),Female,2025-02-23 13:11:46.223087,0.8569472963723477,0.8627446687444456,False,True,Inactive
1307,5,41,Adult (40-59),Female,2025-05-04 13:11:46.223087,0.6652977412731006,0.8797530772318771,True,False,Active
1308,5,95,Senior (60+),Female,2024-04-19 13:11:46.223087,1.7056810403832992,0.7802923558178086,False,False,Active
1309,5,46,Adult (40-59),Female,2024-05-28 13:11:46.223087,1.5989048596851472,0.7753648045100837,False,False,Active
1310,5,36,Young Adult (25-39),Male,2024-06-23 13:11:46.223087,1.5277207392197125,0.691766187098918,False,True,Active
1311,5,49,Adult (40-59),Male,2025-02-19 13:11:46.223087,0.8678986995208761,0.8604732275634468,True,True,Active
1312,5,87,Senior (60+),Female,2026-01-02 13:11:46.223087,0.0,0.7690961707446892,False,False,New
1313,5,64,Senior (60+),Female,2025-01-01 13:11:46.223087,1.002053388090349,0.8080557786374842,False,False,New
1314,5,61,Senior (60+),Female,2025-06-09 13:11:46.223087,0.5667351129363449,0.7792625250996441,True,False,Active
1315,5,41,Adult (40-59),Female,2025-05-18 13:11:46.223087,0.6269678302532512,0.778693891403604,True,False,Active
1316,5,52,Adult (40-59),Male,2024-02-26 13:11:46.223087,1.8507871321013005,0.7661230810339204,False,True,Active
1317,5,35,Young Adult (25-39),Female,2025-09-13 13:11:46.223087,0.30390143737166325,0.8010267234890391,True,False,Active
1318,5,95,Senior (60+),Female,2024-03-21 13:11:46.223087,1.78507871321013,0.7953677755466249,False,True,Active
1319,5,66,Senior (60+),Female,2025-05-19 13:11:46.223087,0.6242299794661191,0.8657305812236579,False,False,Active
1320,5,43,Adult (40-59),Male,2024-01-21 13:11:46.223087,1.949349760438056,0.774869168286174,False,False,Active
1321,5,84,Senior (60+),Female,2025-04-07 13:11:46.223087,0.7392197125256673,0.8941880499209237,False,True,Active
1322,5,73,Senior (60+),Female,2024-07-02 13:11:46.223087,1.5030800821355237,0.781084565027831,False,True,Active
1323,5,41,Adult (40-59),Female,2024-11-17 13:11:46.223087,1.1252566735112937,0.8661290451819268,False,True,Active
1324,5,62,Senior (60+),Female,2025-11-08 13:11:46.223087,0.15058179329226556,0.8619350072531778,False,False,Active
1325,5,70,Senior (60+),Female,2025-02-06 13:11:46.223087,0.9034907597535934,0.7044132297364581,False,False,Active
1326,5,45,Adult (40-59),Female,2024-12-29 13:11:46.223087,1.0102669404517455,0.837971127942767,True,True,Active
1327,5,82,Senior (60+),Female,2025-01-12 13:11:46.223087,0.971937029431896,0.776190369004695,False,False,Inactive
1328,5,61,Senior (60+),Female,2025-10-04 13:11:46.223087,0.2464065708418891,0.7766430731894504,False,True,New
1329,5,45,Adult (40-59),Female,2025-02-27 13:11:46.223087,0.8459958932238193,0.8385154691865631,True,True,Active
1330,5,66,Senior (60+),Male,2024-11-17 13:11:46.223087,1.1252566735112937,0.8599566728891567,False,True,Active
1331,5,95,Senior (60+),Male,2024-12-13 13:11:46.223087,1.054072553045859,0.8651864617100032,True,True,Active
1332,5,95,Senior (60+),Female,2025-03-10 13:11:46.223087,0.8158795345653662,0.7828282136431333,True,False,Active
1333,5,73,Senior (60+),Female,2024-11-22 13:11:46.223087,1.111567419575633,0.808222764975769,False,True,Active
1334,5,33,Young Adult (25-39),Male,2025-05-17 13:11:46.223087,0.6297056810403833,0.7643215298965887,False,True,Active
1335,5,71,Senior (60+),Female,2025-11-16 13:11:46.223087,0.12867898699520877,0.7119174194706287,True,True,New
1336,5,95,Senior (60+),Female,2024-07-27 13:11:46.223087,1.434633812457221,0.7453545250639291,False,False,Active
1337,5,73,Senior (60+),Male,2025-07-04 13:11:46.223087,0.49828884325804246,0.7160211453219204,True,True,New
1338,5,34,Young Adult (25-39),Male,2025-02-17 13:11:46.223087,0.8733744010951403,0.6904587898316408,False,False,Active
1339,5,53,Adult (40-59),Male,2025-08-17 13:11:46.223087,0.37782340862423,0.7602300411240795,False,True,Active
1340,5,65,Senior (60+),Female,2025-06-29 13:11:46.223087,0.5119780971937029,0.7765568200806081,False,True,Active
1341,5,58,Adult (40-59),Female,2024-11-07 13:11:46.223087,1.1526351813826146,0.764231135775582,False,False,Active
1342,5,35,Young Adult (25-39),Female,2025-02-17 13:11:46.223087,0.8733744010951403,0.7632036849775642,False,False,Inactive
1343,5,61,Senior (60+),Male,2024-07-05 13:11:46.223087,1.4948665297741273,0.709738969679986,False,False,Active
1344,5,88,Senior (60+),Male,2025-05-28 13:11:46.223087,0.5995893223819302,0.7088131723140763,False,False,New
1345,5,62,Senior (60+),Female,2024-10-03 13:11:46.223087,1.2484599589322383,0.7091170315897337,False,False,Active
1346,5,33,Young Adult (25-39),Female,2024-07-26 13:11:46.223087,1.4373716632443532,0.8184330753300761,False,True,Active
1347,5,47,Adult (40-59),Female,2024-11-05 13:11:46.223087,1.158110882956879,0.7753888827509945,False,False,New
1348,5,52,Adult (40-59),Male,2025-10-13 13:11:46.223087,0.22176591375770022,0.8537123377331468,False,True,Active
1349,5,42,Adult (40-59),Female,2024-06-15 13:11:46.223087,1.5496235455167693,0.8868628497850689,False,True,Active
1350,5,34,Young Adult (25-39),Male,2024-06-04 13:11:46.223087,1.5797399041752225,0.6785113110066231,True,False,Active
1351,5,87,Senior (60+),Female,2025-05-14 13:11:46.223087,0.6379192334017796,0.7008374887255915,False,False,Active
1352,5,25,Young Adult (25-39),Male,2024-10-08 13:11:46.223087,1.2347707049965777,0.778363903360287,True,False,Active
1353,5,51,Adult (40-59),Male,2025-07-19 13:11:46.223087,0.45722108145106094,0.7548010089689777,False,True,Active
1354,5,22,Youth (18-24),Male,2024-01-23 13:11:46.223087,1.943874058863792,0.5442705638493225,False,True,Active
1355,5,95,Senior (60+),Female,2024-03-08 13:11:46.223087,1.8206707734428473,0.778629425898803,False,False,Inactive
1356,5,76,Senior (60+),Male,2025-02-12 13:11:46.223087,0.8870636550308009,0.7193931341930849,True,False,Active
1357,5,71,Senior (60+),Female,2024-05-05 13:11:46.223087,1.6618754277891854,0.8093857751970954,False,True,Active
1358,5,46,Adult (40-59),Female,2024-11-18 13:11:46.223087,1.1225188227241616,0.9344868567312249,False,False,Inactive
1359,5,53,Adult (40-59),Female,2024-08-31 13:11:46.223087,1.3388090349075976,0.9064851624425575,True,True,Active
1360,5,49,Adult (40-59),Female,2024-10-10 13:11:46.223087,1.2292950034223136,0.7981341029514306,False,False,Active
1361,5,59,Adult (40-59),Female,2025-07-02 13:11:46.223087,0.5037645448323066,0.8298665160398445,False,True,Active
1362,5,59,Adult (40-59),Male,2025-05-03 13:11:46.223087,0.6680355920602327,0.9456441337053116,False,False,New
1363,5,71,Senior (60+),Female,2025-01-08 13:11:46.223087,0.9828884325804244,0.8461740691552321,False,False,Active
1364,5,46,Adult (40-59),Male,2025-09-14 13:11:46.223087,0.30116358658453113,0.865671952623308,False,False,New
1365,5,69,Senior (60+),Male,2025-12-10 13:11:46.223087,0.06297056810403832,0.7119234650689318,True,True,Active
1366,5,70,Senior (60+),Female,2025-12-20 13:11:46.223087,0.03559206023271732,0.7279974753443526,False,False,Active
1367,5,95,Senior (60+),Female,2024-09-01 13:11:46.223087,1.3360711841204653,0.8039223351606015,False,False,Active
1368,5,68,Senior (60+),Female,2024-09-20 13:11:46.223087,1.2840520191649556,0.7266019597814657,True,False,Active
1369,5,40,Adult (40-59),Male,2024-08-05 13:11:46.223087,1.4099931553730323,0.9398546212491233,False,False,Inactive
1370,5,95,Senior (60+),Female,2025-10-23 13:11:46.223087,0.1943874058863792,0.7836779066756667,False,True,Active
1371,5,35,Young Adult (25-39),Female,2025-05-20 13:11:46.223087,0.621492128678987,0.7687561263886904,False,False,Active
1372,5,35,Young Adult (25-39),Male,2025-03-10 13:11:46.223087,0.8158795345653662,0.7606943552419699,False,False,Active
1373,5,64,Senior (60+),Female,2024-12-28 13:11:46.223087,1.0130047912388775,0.7420214385824704,False,False,Active
1374,5,95,Senior (60+),Male,2025-04-11 13:11:46.223087,0.7282683093771389,0.752232486502172,False,False,Active
1375,5,44,Adult (40-59),Male,2025-04-01 13:11:46.223087,0.75564681724846,0.8634781888312146,True,True,Active
1376,5,76,Senior (60+),Male,2025-08-14 13:11:46.223087,0.3860369609856263,0.7976355350621628,True,True,Active
1377,5,81,Senior (60+),Male,2025-10-28 13:11:46.223087,0.1806981519507187,0.7522666035770768,False,False,Inactive
1378,5,95,Senior (60+),Female,2024-11-25 13:11:46.223087,1.103353867214237,0.7576369051919059,False,False,Active
1379,5,31,Young Adult (25-39),Female,2025-12-06 13:11:46.223087,0.07392197125256673,0.7492478443801628,False,True,Active
1380,5,87,Senior (60+),Female,2024-07-07 13:11:46.223087,1.4893908281998631,0.8169655622611581,False,False,Inactive
1381,5,39,Young Adult (25-39),Male,2024-08-19 13:11:46.223087,1.3716632443531827,0.6848818534222999,False,False,Active
1382,5,39,Young Adult (25-39),Male,2025-10-05 13:11:46.223087,0.243668720054757,0.7601063361192452,False,False,Active
1383,5,56,Adult (40-59),Male,2025-12-21 13:11:46.223087,0.03285420944558522,0.8542754042947482,True,False,Active
1384,5,57,Adult (40-59),Male,2024-06-03 13:11:46.223087,1.5824777549623545,0.9223329769398202,False,True,Active
1385,5,59,Adult (40-59),Female,2024-01-17 13:11:46.223087,1.9603011635865846,0.9281316910923685,False,False,Inactive
1386,5,95,Senior (60+),Male,2025-05-23 13:11:46.223087,0.6132785763175906,0.8499719862576538,True,True,New
1387,5,68,Senior (60+),Female,2024-10-01 13:11:46.223087,1.2539356605065024,0.8144245927444412,False,True,Active
1388,5,45,Adult (40-59),Male,2024-08-01 13:11:46.223087,1.4209445585215605,0.7993714055191465,False,True,Active
1389,5,41,Adult (40-59),Male,2025-03-06 13:11:46.223087,0.8268309377138946,0.8610267573506377,False,True,Active
1390,5,30,Young Adult (25-39),Male,2024-09-27 13:11:46.223087,1.264887063655031,0.6663149851222732,False,False,Active
1391,5,95,Senior (60+),Female,2025-12-03 13:11:46.223087,0.08213552361396304,0.7343658920715317,True,False,Inactive
1392,5,31,Young Adult (25-39),Female,2025-12-12 13:11:46.223087,0.057494866529774126,0.7300625672345988,False,False,Active
1393,5,60,Senior (60+),Female,2025-09-05 13:11:46.223087,0.3258042436687201,0.7027724271825719,True,False,Active
1394,5,95,Senior (60+),Female,2024-08-30 13:11:46.223087,1.3415468856947297,0.8865505878120626,False,False,New
1395,5,94,Senior (60+),Male,2025-09-06 13:11:46.223087,0.32306639288158795,0.7307567411026432,True,False,Active
1396,5,55,Adult (40-59),Female,2025-02-10 13:11:46.223087,0.892539356605065,0.8826054407446294,True,False,Active
1397,5,87,Senior (60+),Female,2024-07-04 13:11:46.223087,1.4976043805612593,0.8863480806633016,True,False,Active
1398,5,76,Senior (60+),Male,2025-04-26 13:11:46.223087,0.6872005475701575,0.7462161705748992,True,False,Active
1399,5,49,Adult (40-59),Male,2024-09-25 13:11:46.223087,1.270362765229295,0.801238302887871,True,False,Active
1400,5,47,Adult (40-59),Female,2024-10-16 13:11:46.223087,1.212867898699521,0.8500116518382174,False,True,Inactive
1401,5,49,Adult (40-59),Female,2025-09-21 13:11:46.223087,0.28199863107460643,0.7978132768150059,False,True,Active
1402,5,80,Senior (60+),Male,2025-05-20 13:11:46.223087,0.621492128678987,0.7821365266020566,False,False,Active
1403,5,80,Senior (60+),Male,2025-03-28 13:11:46.223087,0.7665982203969883,0.895312204664581,True,True,Active
1404,5,73,Senior (60+),Female,2025-04-28 13:11:46.223087,0.6817248459958932,0.8563781825993779,True,False,Active
1405,5,62,Senior (60+),Male,2025-05-23 13:11:46.223087,0.6132785763175906,0.8383311303733083,False,False,Active
1406,5,55,Adult (40-59),Female,2025-04-15 13:11:46.223087,0.7173169062286106,0.8843417718488121,True,False,Active
1407,5,69,Senior (60+),Male,2024-12-25 13:11:46.223087,1.0212183436002737,0.8150121146917629,True,True,Inactive
1408,5,58,Adult (40-59),Female,2025-06-06 13:11:46.223087,0.5749486652977412,0.8354933056333378,False,False,Active
1409,5,31,Young Adult (25-39),Male,2024-01-07 13:11:46.223087,1.9876796714579055,0.7990429485381669,False,True,Inactive
1410,5,46,Adult (40-59),Male,2025-11-26 13:11:46.223087,0.10130047912388775,0.7897263227723739,False,True,Active
