event_id,church_id,event_name,date,expected_attendance,actual_attendance,attendance_rate
1,1,Prayer Meeting,2024-01-03 13:11:46.223087,62,75,1.2096774193548387
2,1,Prayer Meeting,2024-01-10 13:11:46.223087,62,58,0.9354838709677419
3,1,Prayer Meeting,2024-01-17 13:11:46.223087,62,75,1.2096774193548387
4,1,Prayer Meeting,2024-01-24 13:11:46.223087,62,57,0.9193548387096774
5,1,Prayer Meeting,2024-01-31 13:11:46.223087,62,79,1.2741935483870968
6,1,Prayer Meeting,2024-02-07 13:11:46.223087,62,64,1.032258064516129
7,1,Prayer Meeting,2024-02-14 13:11:46.223087,62,50,0.8064516129032258
8,1,Prayer Meeting,2024-02-21 13:11:46.223087,62,63,1.0161290322580645
9,1,Prayer Meeting,2024-02-28 13:11:46.223087,62,48,0.7741935483870968
10,1,Prayer Meeting,2024-03-06 13:11:46.223087,62,45,0.7258064516129032
11,1,Prayer Meeting,2024-03-13 13:11:46.223087,62,47,0.7580645161290323
12,1,Prayer Meeting,2024-03-20 13:11:46.223087,62,54,0.8709677419354839
13,1,Prayer Meeting,2024-03-27 13:11:46.223087,62,56,0.9032258064516129
14,1,Prayer Meeting,2024-04-03 13:11:46.223087,62,68,1.096774193548387
15,1,Prayer Meeting,2024-04-10 13:11:46.223087,62,53,0.8548387096774194
16,1,Prayer Meeting,2024-04-17 13:11:46.223087,62,78,1.2580645161290323
17,1,Prayer Meeting,2024-04-24 13:11:46.223087,62,48,0.7741935483870968
18,1,Prayer Meeting,2024-05-01 13:11:46.223087,62,66,1.064516129032258
19,1,Prayer Meeting,2024-05-08 13:11:46.223087,62,50,0.8064516129032258
20,1,Prayer Meeting,2024-05-15 13:11:46.223087,62,44,0.7096774193548387
21,1,Prayer Meeting,2024-05-22 13:11:46.223087,62,67,1.0806451612903225
22,1,Prayer Meeting,2024-05-29 13:11:46.223087,62,53,0.8548387096774194
23,1,Prayer Meeting,2024-06-05 13:11:46.223087,62,47,0.7580645161290323
24,1,Prayer Meeting,2024-06-12 13:11:46.223087,62,71,1.1451612903225807
25,1,Prayer Meeting,2024-06-19 13:11:46.223087,62,65,1.0483870967741935
26,1,Prayer Meeting,2024-06-26 13:11:46.223087,62,44,0.7096774193548387
27,1,Prayer Meeting,2024-07-03 13:11:46.223087,62,44,0.7096774193548387
28,1,Prayer Meeting,2024-07-10 13:11:46.223087,62,44,0.7096774193548387
29,1,Prayer Meeting,2024-07-17 13:11:46.223087,62,46,0.7419354838709677
30,1,Prayer Meeting,2024-07-24 13:11:46.223087,62,73,1.1774193548387097
31,1,Prayer Meeting,2024-07-31 13:11:46.223087,62,54,0.8709677419354839
32,1,Prayer Meeting,2024-08-07 13:11:46.223087,62,66,1.064516129032258
33,1,Prayer Meeting,2024-08-14 13:11:46.223087,62,44,0.7096774193548387
34,1,Prayer Meeting,2024-08-21 13:11:46.223087,62,50,0.8064516129032258
35,1,Prayer Meeting,2024-08-28 13:11:46.223087,62,72,1.1612903225806452
36,1,Prayer Meeting,2024-09-04 13:11:46.223087,62,70,1.1290322580645162
37,1,Prayer Meeting,2024-09-11 13:11:46.223087,62,59,0.9516129032258065
38,1,Prayer Meeting,2024-09-18 13:11:46.223087,62,73,1.1774193548387097
39,1,Prayer Meeting,2024-09-25 13:11:46.223087,62,43,0.6935483870967742
40,1,Prayer Meeting,2024-10-02 13:11:46.223087,62,56,0.9032258064516129
41,1,Prayer Meeting,2024-10-09 13:11:46.223087,62,47,0.7580645161290323
42,1,Prayer Meeting,2024-10-16 13:11:46.223087,62,76,1.2258064516129032
43,1,Prayer Meeting,2024-10-23 13:11:46.223087,62,75,1.2096774193548387
44,1,Prayer Meeting,2024-10-30 13:11:46.223087,62,44,0.7096774193548387
45,1,Prayer Meeting,2024-11-06 13:11:46.223087,62,71,1.1451612903225807
46,1,Prayer Meeting,2024-11-13 13:11:46.223087,62,55,0.8870967741935484
47,1,Prayer Meeting,2024-11-20 13:11:46.223087,62,56,0.9032258064516129
48,1,Prayer Meeting,2024-11-27 13:11:46.223087,62,68,1.096774193548387
49,1,Prayer Meeting,2024-12-04 13:11:46.223087,62,58,0.9354838709677419
50,1,Prayer Meeting,2024-12-11 13:11:46.223087,62,69,1.1129032258064515
51,1,Prayer Meeting,2024-12-18 13:11:46.223087,62,65,1.0483870967741935
52,1,Prayer Meeting,2024-12-25 13:11:46.223087,62,74,1.1935483870967742
53,1,Prayer Meeting,2025-01-01 13:11:46.223087,62,47,0.7580645161290323
54,1,Prayer Meeting,2025-01-08 13:11:46.223087,62,64,1.032258064516129
55,1,Prayer Meeting,2025-01-15 13:11:46.223087,62,47,0.7580645161290323
56,1,Prayer Meeting,2025-01-22 13:11:46.223087,62,49,0.7903225806451613
57,1,Prayer Meeting,2025-01-29 13:11:46.223087,62,72,1.1612903225806452
58,1,Prayer Meeting,2025-02-05 13:11:46.223087,62,70,1.1290322580645162
59,1,Prayer Meeting,2025-02-12 13:11:46.223087,62,49,0.7903225806451613
60,1,Prayer Meeting,2025-02-19 13:11:46.223087,62,59,0.9516129032258065
61,1,Prayer Meeting,2025-02-26 13:11:46.223087,62,64,1.032258064516129
62,1,Prayer Meeting,2025-03-05 13:11:46.223087,62,56,0.9032258064516129
63,1,Prayer Meeting,2025-03-12 13:11:46.223087,62,56,0.9032258064516129
64,1,Prayer Meeting,2025-03-19 13:11:46.223087,62,56,0.9032258064516129
65,1,Prayer Meeting,2025-03-26 13:11:46.223087,62,68,1.096774193548387
66,1,Prayer Meeting,2025-04-02 13:11:46.223087,62,48,0.7741935483870968
67,1,Prayer Meeting,2025-04-09 13:11:46.223087,62,60,0.967741935483871
68,1,Prayer Meeting,2025-04-16 13:11:46.223087,62,69,1.1129032258064515
69,1,Prayer Meeting,2025-04-23 13:11:46.223087,62,70,1.1290322580645162
70,1,Prayer Meeting,2025-04-30 13:11:46.223087,62,50,0.8064516129032258
71,1,Prayer Meeting,2025-05-07 13:11:46.223087,62,48,0.7741935483870968
72,1,Prayer Meeting,2025-05-14 13:11:46.223087,62,75,1.2096774193548387
73,1,Prayer Meeting,2025-05-21 13:11:46.223087,62,56,0.9032258064516129
74,1,Prayer Meeting,2025-05-28 13:11:46.223087,62,54,0.8709677419354839
75,1,Prayer Meeting,2025-06-04 13:11:46.223087,62,71,1.1451612903225807
76,1,Prayer Meeting,2025-06-11 13:11:46.223087,62,62,1.0
77,1,Prayer Meeting,2025-06-18 13:11:46.223087,62,65,1.0483870967741935
78,1,Prayer Meeting,2025-06-25 13:11:46.223087,62,63,1.0161290322580645
79,1,Prayer Meeting,2025-07-02 13:11:46.223087,62,69,1.1129032258064515
80,1,Prayer Meeting,2025-07-09 13:11:46.223087,62,46,0.7419354838709677
81,1,Prayer Meeting,2025-07-16 13:11:46.223087,62,61,0.9838709677419355
82,1,Prayer Meeting,2025-07-23 13:11:46.223087,62,56,0.9032258064516129
83,1,Prayer Meeting,2025-07-30 13:11:46.223087,62,52,0.8387096774193549
84,1,Prayer Meeting,2025-08-06 13:11:46.223087,62,45,0.7258064516129032
85,1,Prayer Meeting,2025-08-13 13:11:46.223087,62,74,1.1935483870967742
86,1,Prayer Meeting,2025-08-20 13:11:46.223087,62,58,0.9354838709677419
87,1,Prayer Meeting,2025-08-27 13:11:46.223087,62,78,1.2580645161290323
88,1,Prayer Meeting,2025-09-03 13:11:46.223087,62,56,0.9032258064516129
89,1,Prayer Meeting,2025-09-10 13:11:46.223087,62,72,1.1612903225806452
90,1,Prayer Meeting,2025-09-17 13:11:46.223087,62,56,0.9032258064516129
91,1,Prayer Meeting,2025-09-24 13:11:46.223087,62,74,1.1935483870967742
92,1,Prayer Meeting,2025-10-01 13:11:46.223087,62,71,1.1451612903225807
93,1,Prayer Meeting,2025-10-08 13:11:46.223087,62,44,0.7096774193548387
94,1,Prayer Meeting,2025-10-15 13:11:46.223087,62,62,1.0
95,1,Prayer Meeting,2025-10-22 13:11:46.223087,62,49,0.7903225806451613
96,1,Prayer Meeting,2025-10-29 13:11:46.223087,62,73,1.1774193548387097
97,1,Prayer Meeting,2025-11-05 13:11:46.223087,62,77,1.2419354838709677
98,1,Prayer Meeting,2025-11-12 13:11:46.223087,62,54,0.8709677419354839
99,1,Prayer Meeting,2025-11-19 13:11:46.223087,62,62,1.0
100,1,Prayer Meeting,2025-11-26 13:11:46.223087,62,68,1.096774193548387
101,1,Prayer Meeting,2025-12-03 13:11:46.223087,62,75,1.2096774193548387
102,1,Prayer Meeting,2025-12-10 13:11:46.223087,62,59,0.9516129032258065
103,1,Prayer Meeting,2025-12-17 13:11:46.223087,62,77,1.2419354838709677
104,1,Prayer Meeting,2025-12-24 13:11:46.223087,62,74,1.1935483870967742
105,1,Prayer Meeting,2025-12-31 13:11:46.223087,62,72,1.1612903225806452
106,1,Bible Study,2024-01-03 13:11:46.223087,75,59,0.7866666666666666
107,1,Bible Study,2024-01-10 13:11:46.223087,75,77,1.0266666666666666
108,1,Bible Study,2024-01-17 13:11:46.223087,75,84,1.12
109,1,Bible Study,2024-01-24 13:11:46.223087,75,52,0.6933333333333334
110,1,Bible Study,2024-01-31 13:11:46.223087,75,85,1.1333333333333333
111,1,Bible Study,2024-02-07 13:11:46.223087,75,72,0.96
112,1,Bible Study,2024-02-14 13:11:46.223087,75,90,1.2
113,1,Bible Study,2024-02-21 13:11:46.223087,75,81,1.08
114,1,Bible Study,2024-02-28 13:11:46.223087,75,54,0.72
115,1,Bible Study,2024-03-06 13:11:46.223087,75,67,0.8933333333333333
116,1,Bible Study,2024-03-13 13:11:46.223087,75,53,0.7066666666666667
117,1,Bible Study,2024-03-20 13:11:46.223087,75,52,0.6933333333333334
118,1,Bible Study,2024-03-27 13:11:46.223087,75,96,1.28
119,1,Bible Study,2024-04-03 13:11:46.223087,75,64,0.8533333333333334
120,1,Bible Study,2024-04-10 13:11:46.223087,75,59,0.7866666666666666
121,1,Bible Study,2024-04-17 13:11:46.223087,75,91,1.2133333333333334
122,1,Bible Study,2024-04-24 13:11:46.223087,75,66,0.88
123,1,Bible Study,2024-05-01 13:11:46.223087,75,65,0.8666666666666667
124,1,Bible Study,2024-05-08 13:11:46.223087,75,92,1.2266666666666666
125,1,Bible Study,2024-05-15 13:11:46.223087,75,78,1.04
126,1,Bible Study,2024-05-22 13:11:46.223087,75,61,0.8133333333333334
127,1,Bible Study,2024-05-29 13:11:46.223087,75,65,0.8666666666666667
128,1,Bible Study,2024-06-05 13:11:46.223087,75,56,0.7466666666666667
129,1,Bible Study,2024-06-12 13:11:46.223087,75,82,1.0933333333333333
130,1,Bible Study,2024-06-19 13:11:46.223087,75,60,0.8
131,1,Bible Study,2024-06-26 13:11:46.223087,75,71,0.9466666666666667
132,1,Bible Study,2024-07-03 13:11:46.223087,75,81,1.08
133,1,Bible Study,2024-07-10 13:11:46.223087,75,72,0.96
134,1,Bible Study,2024-07-17 13:11:46.223087,75,72,0.96
135,1,Bible Study,2024-07-24 13:11:46.223087,75,93,1.24
136,1,Bible Study,2024-07-31 13:11:46.223087,75,88,1.1733333333333333
137,1,Bible Study,2024-08-07 13:11:46.223087,75,69,0.92
138,1,Bible Study,2024-08-14 13:11:46.223087,75,79,1.0533333333333332
139,1,Bible Study,2024-08-21 13:11:46.223087,75,71,0.9466666666666667
140,1,Bible Study,2024-08-28 13:11:46.223087,75,81,1.08
141,1,Bible Study,2024-09-04 13:11:46.223087,75,93,1.24
142,1,Bible Study,2024-09-11 13:11:46.223087,75,77,1.0266666666666666
143,1,Bible Study,2024-09-18 13:11:46.223087,75,58,0.7733333333333333
144,1,Bible Study,2024-09-25 13:11:46.223087,75,90,1.2
145,1,Bible Study,2024-10-02 13:11:46.223087,75,85,1.1333333333333333
146,1,Bible Study,2024-10-09 13:11:46.223087,75,60,0.8
147,1,Bible Study,2024-10-16 13:11:46.223087,75,80,1.0666666666666667
148,1,Bible Study,2024-10-23 13:11:46.223087,75,93,1.24
149,1,Bible Study,2024-10-30 13:11:46.223087,75,92,1.2266666666666666
150,1,Bible Study,2024-11-06 13:11:46.223087,75,96,1.28
151,1,Bible Study,2024-11-13 13:11:46.223087,75,83,1.1066666666666667
152,1,Bible Study,2024-11-20 13:11:46.223087,75,96,1.28
153,1,Bible Study,2024-11-27 13:11:46.223087,75,56,0.7466666666666667
154,1,Bible Study,2024-12-04 13:11:46.223087,75,62,0.8266666666666667
155,1,Bible Study,2024-12-11 13:11:46.223087,75,76,1.0133333333333334
156,1,Bible Study,2024-12-18 13:11:46.223087,75,69,0.92
157,1,Bible Study,2024-12-25 13:11:46.223087,75,55,0.7333333333333333
158,1,Bible Study,2025-01-01 13:11:46.223087,75,58,0.7733333333333333
159,1,Bible Study,2025-01-08 13:11:46.223087,75,66,0.88
160,1,Bible Study,2025-01-15 13:11:46.223087,75,89,1.1866666666666668
161,1,Bible Study,2025-01-22 13:11:46.223087,75,93,1.24
162,1,Bible Study,2025-01-29 13:11:46.223087,75,92,1.2266666666666666
163,1,Bible Study,2025-02-05 13:11:46.223087,75,65,0.8666666666666667
164,1,Bible Study,2025-02-12 13:11:46.223087,75,86,1.1466666666666667
165,1,Bible Study,2025-02-19 13:11:46.223087,75,66,0.88
166,1,Bible Study,2025-02-26 13:11:46.223087,75,80,1.0666666666666667
167,1,Bible Study,2025-03-05 13:11:46.223087,75,90,1.2
168,1,Bible Study,2025-03-12 13:11:46.223087,75,62,0.8266666666666667
169,1,Bible Study,2025-03-19 13:11:46.223087,75,71,0.9466666666666667
170,1,Bible Study,2025-03-26 13:11:46.223087,75,74,0.9866666666666667
171,1,Bible Study,2025-04-02 13:11:46.223087,75,69,0.92
172,1,Bible Study,2025-04-09 13:11:46.223087,75,91,1.2133333333333334
173,1,Bible Study,2025-04-16 13:11:46.223087,75,56,0.7466666666666667
174,1,Bible Study,2025-04-23 13:11:46.223087,75,95,1.2666666666666666
175,1,Bible Study,2025-04-30 13:11:46.223087,75,93,1.24
176,1,Bible Study,2025-05-07 13:11:46.223087,75,68,0.9066666666666666
177,1,Bible Study,2025-05-14 13:11:46.223087,75,90,1.2
178,1,Bible Study,2025-05-21 13:11:46.223087,75,57,0.76
179,1,Bible Study,2025-05-28 13:11:46.223087,75,93,1.24
180,1,Bible Study,2025-06-04 13:11:46.223087,75,86,1.1466666666666667
181,1,Bible Study,2025-06-11 13:11:46.223087,75,81,1.08
182,1,Bible Study,2025-06-18 13:11:46.223087,75,72,0.96
183,1,Bible Study,2025-06-25 13:11:46.223087,75,52,0.6933333333333334
184,1,Bible Study,2025-07-02 13:11:46.223087,75,85,1.1333333333333333
185,1,Bible Study,2025-07-09 13:11:46.223087,75,86,1.1466666666666667
186,1,Bible Study,2025-07-16 13:11:46.223087,75,79,1.0533333333333332
187,1,Bible Study,2025-07-23 13:11:46.223087,75,65,0.8666666666666667
188,1,Bible Study,2025-07-30 13:11:46.223087,75,56,0.7466666666666667
189,1,Bible Study,2025-08-06 13:11:46.223087,75,54,0.72
190,1,Bible Study,2025-08-13 13:11:46.223087,75,58,0.7733333333333333
191,1,Bible Study,2025-08-20 13:11:46.223087,75,59,0.7866666666666666
192,1,Bible Study,2025-08-27 13:11:46.223087,75,64,0.8533333333333334
193,1,Bible Study,2025-09-03 13:11:46.223087,75,86,1.1466666666666667
194,1,Bible Study,2025-09-10 13:11:46.223087,75,66,0.88
195,1,Bible Study,2025-09-17 13:11:46.223087,75,97,1.2933333333333332
196,1,Bible Study,2025-09-24 13:11:46.223087,75,60,0.8
197,1,Bible Study,2025-10-01 13:11:46.223087,75,90,1.2
198,1,Bible Study,2025-10-08 13:11:46.223087,75,62,0.8266666666666667
199,1,Bible Study,2025-10-15 13:11:46.223087,75,67,0.8933333333333333
200,1,Bible Study,2025-10-22 13:11:46.223087,75,63,0.84
201,1,Bible Study,2025-10-29 13:11:46.223087,75,80,1.0666666666666667
202,1,Bible Study,2025-11-05 13:11:46.223087,75,86,1.1466666666666667
203,1,Bible Study,2025-11-12 13:11:46.223087,75,54,0.72
204,1,Bible Study,2025-11-19 13:11:46.223087,75,72,0.96
205,1,Bible Study,2025-11-26 13:11:46.223087,75,82,1.0933333333333333
206,1,Bible Study,2025-12-03 13:11:46.223087,75,58,0.7733333333333333
207,1,Bible Study,2025-12-10 13:11:46.223087,75,80,1.0666666666666667
208,1,Bible Study,2025-12-17 13:11:46.223087,75,68,0.9066666666666666
209,1,Bible Study,2025-12-24 13:11:46.223087,75,53,0.7066666666666667
210,1,Bible Study,2025-12-31 13:11:46.223087,75,96,1.28
211,1,Youth Service,2024-01-03 13:11:46.223087,100,118,1.18
212,1,Youth Service,2024-02-02 13:11:46.223087,100,73,0.73
213,1,Youth Service,2024-03-03 13:11:46.223087,100,97,0.97
214,1,Youth Service,2024-04-02 13:11:46.223087,100,118,1.18
215,1,Youth Service,2024-05-02 13:11:46.223087,100,127,1.27
216,1,Youth Service,2024-06-01 13:11:46.223087,100,97,0.97
217,1,Youth Service,2024-07-01 13:11:46.223087,100,124,1.24
218,1,Youth Service,2024-07-31 13:11:46.223087,100,109,1.09
219,1,Youth Service,2024-08-30 13:11:46.223087,100,77,0.77
220,1,Youth Service,2024-09-29 13:11:46.223087,100,119,1.19
221,1,Youth Service,2024-10-29 13:11:46.223087,100,115,1.15
222,1,Youth Service,2024-11-28 13:11:46.223087,100,89,0.89
223,1,Youth Service,2024-12-28 13:11:46.223087,100,124,1.24
224,1,Youth Service,2025-01-27 13:11:46.223087,100,83,0.83
225,1,Youth Service,2025-02-26 13:11:46.223087,100,112,1.12
226,1,Youth Service,2025-03-28 13:11:46.223087,100,114,1.14
227,1,Youth Service,2025-04-27 13:11:46.223087,100,87,0.87
228,1,Youth Service,2025-05-27 13:11:46.223087,100,90,0.9
229,1,Youth Service,2025-06-26 13:11:46.223087,100,125,1.25
230,1,Youth Service,2025-07-26 13:11:46.223087,100,104,1.04
231,1,Youth Service,2025-08-25 13:11:46.223087,100,79,0.79
232,1,Youth Service,2025-09-24 13:11:46.223087,100,82,0.82
233,1,Youth Service,2025-10-24 13:11:46.223087,100,76,0.76
234,1,Youth Service,2025-11-23 13:11:46.223087,100,75,0.75
235,1,Youth Service,2025-12-23 13:11:46.223087,100,99,0.99
236,1,Women's Fellowship,2024-01-03 13:11:46.223087,50,55,1.1
237,1,Women's Fellowship,2024-02-02 13:11:46.223087,50,63,1.26
238,1,Women's Fellowship,2024-03-03 13:11:46.223087,50,37,0.74
239,1,Women's Fellowship,2024-04-02 13:11:46.223087,50,45,0.9
240,1,Women's Fellowship,2024-05-02 13:11:46.223087,50,48,0.96
241,1,Women's Fellowship,2024-06-01 13:11:46.223087,50,54,1.08
242,1,Women's Fellowship,2024-07-01 13:11:46.223087,50,53,1.06
243,1,Women's Fellowship,2024-07-31 13:11:46.223087,50,46,0.92
244,1,Women's Fellowship,2024-08-30 13:11:46.223087,50,45,0.9
245,1,Women's Fellowship,2024-09-29 13:11:46.223087,50,56,1.12
246,1,Women's Fellowship,2024-10-29 13:11:46.223087,50,35,0.7
247,1,Women's Fellowship,2024-11-28 13:11:46.223087,50,51,1.02
248,1,Women's Fellowship,2024-12-28 13:11:46.223087,50,53,1.06
249,1,Women's Fellowship,2025-01-27 13:11:46.223087,50,52,1.04
250,1,Women's Fellowship,2025-02-26 13:11:46.223087,50,40,0.8
251,1,Women's Fellowship,2025-03-28 13:11:46.223087,50,39,0.78
252,1,Women's Fellowship,2025-04-27 13:11:46.223087,50,53,1.06
253,1,Women's Fellowship,2025-05-27 13:11:46.223087,50,55,1.1
254,1,Women's Fellowship,2025-06-26 13:11:46.223087,50,55,1.1
255,1,Women's Fellowship,2025-07-26 13:11:46.223087,50,53,1.06
256,1,Women's Fellowship,2025-08-25 13:11:46.223087,50,41,0.82
257,1,Women's Fellowship,2025-09-24 13:11:46.223087,50,44,0.88
258,1,Women's Fellowship,2025-10-24 13:11:46.223087,50,37,0.74
259,1,Women's Fellowship,2025-11-23 13:11:46.223087,50,61,1.22
260,1,Women's Fellowship,2025-12-23 13:11:46.223087,50,63,1.26
261,1,Men's Breakfast,2024-01-03 13:11:46.223087,37,29,0.7837837837837838
262,1,Men's Breakfast,2024-02-02 13:11:46.223087,37,29,0.7837837837837838
263,1,Men's Breakfast,2024-03-03 13:11:46.223087,37,40,1.0810810810810811
264,1,Men's Breakfast,2024-04-02 13:11:46.223087,37,41,1.1081081081081081
265,1,Men's Breakfast,2024-05-02 13:11:46.223087,37,39,1.054054054054054
266,1,Men's Breakfast,2024-06-01 13:11:46.223087,37,44,1.1891891891891893
267,1,Men's Breakfast,2024-07-01 13:11:46.223087,37,28,0.7567567567567568
268,1,Men's Breakfast,2024-07-31 13:11:46.223087,37,45,1.2162162162162162
269,1,Men's Breakfast,2024-08-30 13:11:46.223087,37,44,1.1891891891891893
270,1,Men's Breakfast,2024-09-29 13:11:46.223087,37,35,0.9459459459459459
271,1,Men's Breakfast,2024-10-29 13:11:46.223087,37,33,0.8918918918918919
272,1,Men's Breakfast,2024-11-28 13:11:46.223087,37,39,1.054054054054054
273,1,Men's Breakfast,2024-12-28 13:11:46.223087,37,36,0.972972972972973
274,1,Men's Breakfast,2025-01-27 13:11:46.223087,37,45,1.2162162162162162
275,1,Men's Breakfast,2025-02-26 13:11:46.223087,37,27,0.7297297297297297
276,1,Men's Breakfast,2025-03-28 13:11:46.223087,37,38,1.027027027027027
277,1,Men's Breakfast,2025-04-27 13:11:46.223087,37,42,1.135135135135135
278,1,Men's Breakfast,2025-05-27 13:11:46.223087,37,33,0.8918918918918919
279,1,Men's Breakfast,2025-06-26 13:11:46.223087,37,39,1.054054054054054
280,1,Men's Breakfast,2025-07-26 13:11:46.223087,37,30,0.8108108108108109
281,1,Men's Breakfast,2025-08-25 13:11:46.223087,37,43,1.162162162162162
282,1,Men's Breakfast,2025-09-24 13:11:46.223087,37,31,0.8378378378378378
283,1,Men's Breakfast,2025-10-24 13:11:46.223087,37,47,1.2702702702702702
284,1,Men's Breakfast,2025-11-23 13:11:46.223087,37,27,0.7297297297297297
285,1,Men's Breakfast,2025-12-23 13:11:46.223087,37,31,0.8378378378378378
286,1,Community Outreach,2024-01-03 13:11:46.223087,87,64,0.735632183908046
287,1,Community Outreach,2024-04-02 13:11:46.223087,87,112,1.2873563218390804
288,1,Community Outreach,2024-07-01 13:11:46.223087,87,65,0.7471264367816092
289,1,Community Outreach,2024-09-29 13:11:46.223087,87,80,0.9195402298850575
290,1,Community Outreach,2024-12-28 13:11:46.223087,87,76,0.8735632183908046
291,1,Community Outreach,2025-03-28 13:11:46.223087,87,75,0.8620689655172413
292,1,Community Outreach,2025-06-26 13:11:46.223087,87,111,1.2758620689655173
293,1,Community Outreach,2025-09-24 13:11:46.223087,87,106,1.2183908045977012
294,1,Community Outreach,2025-12-23 13:11:46.223087,87,77,0.8850574712643678
295,1,Church Retreat,2024-01-03 13:11:46.223087,125,138,1.104
296,1,Church Retreat,2025-01-02 13:11:46.223087,125,98,0.784
297,1,Church Retreat,2026-01-02 13:11:46.223087,125,128,1.024
298,2,Prayer Meeting,2024-01-03 13:11:46.223087,112,136,1.2142857142857142
299,2,Prayer Meeting,2024-01-10 13:11:46.223087,112,141,1.2589285714285714
300,2,Prayer Meeting,2024-01-17 13:11:46.223087,112,105,0.9375
301,2,Prayer Meeting,2024-01-24 13:11:46.223087,112,95,0.8482142857142857
302,2,Prayer Meeting,2024-01-31 13:11:46.223087,112,93,0.8303571428571429
303,2,Prayer Meeting,2024-02-07 13:11:46.223087,112,121,1.0803571428571428
304,2,Prayer Meeting,2024-02-14 13:11:46.223087,112,104,0.9285714285714286
305,2,Prayer Meeting,2024-02-21 13:11:46.223087,112,94,0.8392857142857143
306,2,Prayer Meeting,2024-02-28 13:11:46.223087,112,119,1.0625
307,2,Prayer Meeting,2024-03-06 13:11:46.223087,112,120,1.0714285714285714
308,2,Prayer Meeting,2024-03-13 13:11:46.223087,112,83,0.7410714285714286
309,2,Prayer Meeting,2024-03-20 13:11:46.223087,112,144,1.2857142857142858
310,2,Prayer Meeting,2024-03-27 13:11:46.223087,112,108,0.9642857142857143
311,2,Prayer Meeting,2024-04-03 13:11:46.223087,112,132,1.1785714285714286
312,2,Prayer Meeting,2024-04-10 13:11:46.223087,112,101,0.9017857142857143
313,2,Prayer Meeting,2024-04-17 13:11:46.223087,112,125,1.1160714285714286
314,2,Prayer Meeting,2024-04-24 13:11:46.223087,112,101,0.9017857142857143
315,2,Prayer Meeting,2024-05-01 13:11:46.223087,112,91,0.8125
316,2,Prayer Meeting,2024-05-08 13:11:46.223087,112,112,1.0
317,2,Prayer Meeting,2024-05-15 13:11:46.223087,112,84,0.75
318,2,Prayer Meeting,2024-05-22 13:11:46.223087,112,114,1.0178571428571428
319,2,Prayer Meeting,2024-05-29 13:11:46.223087,112,89,0.7946428571428571
320,2,Prayer Meeting,2024-06-05 13:11:46.223087,112,80,0.7142857142857143
321,2,Prayer Meeting,2024-06-12 13:11:46.223087,112,129,1.1517857142857142
322,2,Prayer Meeting,2024-06-19 13:11:46.223087,112,119,1.0625
323,2,Prayer Meeting,2024-06-26 13:11:46.223087,112,124,1.1071428571428572
324,2,Prayer Meeting,2024-07-03 13:11:46.223087,112,144,1.2857142857142858
325,2,Prayer Meeting,2024-07-10 13:11:46.223087,112,116,1.0357142857142858
326,2,Prayer Meeting,2024-07-17 13:11:46.223087,112,98,0.875
327,2,Prayer Meeting,2024-07-24 13:11:46.223087,112,83,0.7410714285714286
328,2,Prayer Meeting,2024-07-31 13:11:46.223087,112,110,0.9821428571428571
329,2,Prayer Meeting,2024-08-07 13:11:46.223087,112,79,0.7053571428571429
330,2,Prayer Meeting,2024-08-14 13:11:46.223087,112,91,0.8125
331,2,Prayer Meeting,2024-08-21 13:11:46.223087,112,117,1.0446428571428572
332,2,Prayer Meeting,2024-08-28 13:11:46.223087,112,137,1.2232142857142858
333,2,Prayer Meeting,2024-09-04 13:11:46.223087,112,138,1.2321428571428572
334,2,Prayer Meeting,2024-09-11 13:11:46.223087,112,123,1.0982142857142858
335,2,Prayer Meeting,2024-09-18 13:11:46.223087,112,119,1.0625
336,2,Prayer Meeting,2024-09-25 13:11:46.223087,112,113,1.0089285714285714
337,2,Prayer Meeting,2024-10-02 13:11:46.223087,112,104,0.9285714285714286
338,2,Prayer Meeting,2024-10-09 13:11:46.223087,112,117,1.0446428571428572
339,2,Prayer Meeting,2024-10-16 13:11:46.223087,112,107,0.9553571428571429
340,2,Prayer Meeting,2024-10-23 13:11:46.223087,112,134,1.1964285714285714
341,2,Prayer Meeting,2024-10-30 13:11:46.223087,112,92,0.8214285714285714
342,2,Prayer Meeting,2024-11-06 13:11:46.223087,112,102,0.9107142857142857
343,2,Prayer Meeting,2024-11-13 13:11:46.223087,112,103,0.9196428571428571
344,2,Prayer Meeting,2024-11-20 13:11:46.223087,112,122,1.0892857142857142
345,2,Prayer Meeting,2024-11-27 13:11:46.223087,112,136,1.2142857142857142
346,2,Prayer Meeting,2024-12-04 13:11:46.223087,112,113,1.0089285714285714
347,2,Prayer Meeting,2024-12-11 13:11:46.223087,112,140,1.25
348,2,Prayer Meeting,2024-12-18 13:11:46.223087,112,78,0.6964285714285714
349,2,Prayer Meeting,2024-12-25 13:11:46.223087,112,143,1.2767857142857142
350,2,Prayer Meeting,2025-01-01 13:11:46.223087,112,145,1.2946428571428572
351,2,Prayer Meeting,2025-01-08 13:11:46.223087,112,85,0.7589285714285714
352,2,Prayer Meeting,2025-01-15 13:11:46.223087,112,120,1.0714285714285714
353,2,Prayer Meeting,2025-01-22 13:11:46.223087,112,84,0.75
354,2,Prayer Meeting,2025-01-29 13:11:46.223087,112,96,0.8571428571428571
355,2,Prayer Meeting,2025-02-05 13:11:46.223087,112,83,0.7410714285714286
356,2,Prayer Meeting,2025-02-12 13:11:46.223087,112,135,1.2053571428571428
357,2,Prayer Meeting,2025-02-19 13:11:46.223087,112,131,1.1696428571428572
358,2,Prayer Meeting,2025-02-26 13:11:46.223087,112,99,0.8839285714285714
359,2,Prayer Meeting,2025-03-05 13:11:46.223087,112,117,1.0446428571428572
360,2,Prayer Meeting,2025-03-12 13:11:46.223087,112,87,0.7767857142857143
361,2,Prayer Meeting,2025-03-19 13:11:46.223087,112,96,0.8571428571428571
362,2,Prayer Meeting,2025-03-26 13:11:46.223087,112,124,1.1071428571428572
363,2,Prayer Meeting,2025-04-02 13:11:46.223087,112,81,0.7232142857142857
364,2,Prayer Meeting,2025-04-09 13:11:46.223087,112,100,0.8928571428571429
365,2,Prayer Meeting,2025-04-16 13:11:46.223087,112,95,0.8482142857142857
366,2,Prayer Meeting,2025-04-23 13:11:46.223087,112,120,1.0714285714285714
367,2,Prayer Meeting,2025-04-30 13:11:46.223087,112,118,1.0535714285714286
368,2,Prayer Meeting,2025-05-07 13:11:46.223087,112,126,1.125
369,2,Prayer Meeting,2025-05-14 13:11:46.223087,112,145,1.2946428571428572
370,2,Prayer Meeting,2025-05-21 13:11:46.223087,112,140,1.25
371,2,Prayer Meeting,2025-05-28 13:11:46.223087,112,104,0.9285714285714286
372,2,Prayer Meeting,2025-06-04 13:11:46.223087,112,95,0.8482142857142857
373,2,Prayer Meeting,2025-06-11 13:11:46.223087,112,131,1.1696428571428572
374,2,Prayer Meeting,2025-06-18 13:11:46.223087,112,123,1.0982142857142858
375,2,Prayer Meeting,2025-06-25 13:11:46.223087,112,95,0.8482142857142857
376,2,Prayer Meeting,2025-07-02 13:11:46.223087,112,91,0.8125
377,2,Prayer Meeting,2025-07-09 13:11:46.223087,112,92,0.8214285714285714
378,2,Prayer Meeting,2025-07-16 13:11:46.223087,112,133,1.1875
379,2,Prayer Meeting,2025-07-23 13:11:46.223087,112,129,1.1517857142857142
380,2,Prayer Meeting,2025-07-30 13:11:46.223087,112,93,0.8303571428571429
381,2,Prayer Meeting,2025-08-06 13:11:46.223087,112,118,1.0535714285714286
382,2,Prayer Meeting,2025-08-13 13:11:46.223087,112,112,1.0
383,2,Prayer Meeting,2025-08-20 13:11:46.223087,112,101,0.9017857142857143
384,2,Prayer Meeting,2025-08-27 13:11:46.223087,112,104,0.9285714285714286
385,2,Prayer Meeting,2025-09-03 13:11:46.223087,112,126,1.125
386,2,Prayer Meeting,2025-09-10 13:11:46.223087,112,105,0.9375
387,2,Prayer Meeting,2025-09-17 13:11:46.223087,112,134,1.1964285714285714
388,2,Prayer Meeting,2025-09-24 13:11:46.223087,112,132,1.1785714285714286
389,2,Prayer Meeting,2025-10-01 13:11:46.223087,112,90,0.8035714285714286
390,2,Prayer Meeting,2025-10-08 13:11:46.223087,112,127,1.1339285714285714
391,2,Prayer Meeting,2025-10-15 13:11:46.223087,112,135,1.2053571428571428
392,2,Prayer Meeting,2025-10-22 13:11:46.223087,112,132,1.1785714285714286
393,2,Prayer Meeting,2025-10-29 13:11:46.223087,112,81,0.7232142857142857
394,2,Prayer Meeting,2025-11-05 13:11:46.223087,112,81,0.7232142857142857
395,2,Prayer Meeting,2025-11-12 13:11:46.223087,112,112,1.0
396,2,Prayer Meeting,2025-11-19 13:11:46.223087,112,137,1.2232142857142858
397,2,Prayer Meeting,2025-11-26 13:11:46.223087,112,96,0.8571428571428571
398,2,Prayer Meeting,2025-12-03 13:11:46.223087,112,87,0.7767857142857143
399,2,Prayer Meeting,2025-12-10 13:11:46.223087,112,79,0.7053571428571429
400,2,Prayer Meeting,2025-12-17 13:11:46.223087,112,142,1.2678571428571428
401,2,Prayer Meeting,2025-12-24 13:11:46.223087,112,98,0.875
402,2,Prayer Meeting,2025-12-31 13:11:46.223087,112,118,1.0535714285714286
403,2,Bible Study,2024-01-03 13:11:46.223087,135,157,1.162962962962963
404,2,Bible Study,2024-01-10 13:11:46.223087,135,130,0.9629629629629629
405,2,Bible Study,2024-01-17 13:11:46.223087,135,153,1.1333333333333333
406,2,Bible Study,2024-01-24 13:11:46.223087,135,133,0.9851851851851852
407,2,Bible Study,2024-01-31 13:11:46.223087,135,145,1.0740740740740742
408,2,Bible Study,2024-02-07 13:11:46.223087,135,158,1.1703703703703703
409,2,Bible Study,2024-02-14 13:11:46.223087,135,161,1.1925925925925926
410,2,Bible Study,2024-02-21 13:11:46.223087,135,137,1.0148148148148148
411,2,Bible Study,2024-02-28 13:11:46.223087,135,108,0.8
412,2,Bible Study,2024-03-06 13:11:46.223087,135,133,0.9851851851851852
413,2,Bible Study,2024-03-13 13:11:46.223087,135,147,1.0888888888888888
414,2,Bible Study,2024-03-20 13:11:46.223087,135,170,1.2592592592592593
415,2,Bible Study,2024-03-27 13:11:46.223087,135,160,1.1851851851851851
416,2,Bible Study,2024-04-03 13:11:46.223087,135,153,1.1333333333333333
417,2,Bible Study,2024-04-10 13:11:46.223087,135,119,0.8814814814814815
418,2,Bible Study,2024-04-17 13:11:46.223087,135,167,1.237037037037037
419,2,Bible Study,2024-04-24 13:11:46.223087,135,134,0.9925925925925926
420,2,Bible Study,2024-05-01 13:11:46.223087,135,102,0.7555555555555555
421,2,Bible Study,2024-05-08 13:11:46.223087,135,105,0.7777777777777778
422,2,Bible Study,2024-05-15 13:11:46.223087,135,98,0.725925925925926
423,2,Bible Study,2024-05-22 13:11:46.223087,135,124,0.9185185185185185
424,2,Bible Study,2024-05-29 13:11:46.223087,135,126,0.9333333333333333
425,2,Bible Study,2024-06-05 13:11:46.223087,135,125,0.9259259259259259
426,2,Bible Study,2024-06-12 13:11:46.223087,135,106,0.7851851851851852
427,2,Bible Study,2024-06-19 13:11:46.223087,135,143,1.0592592592592593
428,2,Bible Study,2024-06-26 13:11:46.223087,135,146,1.0814814814814815
429,2,Bible Study,2024-07-03 13:11:46.223087,135,109,0.8074074074074075
430,2,Bible Study,2024-07-10 13:11:46.223087,135,170,1.2592592592592593
431,2,Bible Study,2024-07-17 13:11:46.223087,135,167,1.237037037037037
432,2,Bible Study,2024-07-24 13:11:46.223087,135,116,0.8592592592592593
433,2,Bible Study,2024-07-31 13:11:46.223087,135,145,1.0740740740740742
434,2,Bible Study,2024-08-07 13:11:46.223087,135,106,0.7851851851851852
435,2,Bible Study,2024-08-14 13:11:46.223087,135,117,0.8666666666666667
436,2,Bible Study,2024-08-21 13:11:46.223087,135,141,1.0444444444444445
437,2,Bible Study,2024-08-28 13:11:46.223087,135,156,1.1555555555555554
438,2,Bible Study,2024-09-04 13:11:46.223087,135,164,1.2148148148148148
439,2,Bible Study,2024-09-11 13:11:46.223087,135,163,1.2074074074074075
440,2,Bible Study,2024-09-18 13:11:46.223087,135,164,1.2148148148148148
441,2,Bible Study,2024-09-25 13:11:46.223087,135,147,1.0888888888888888
442,2,Bible Study,2024-10-02 13:11:46.223087,135,126,0.9333333333333333
443,2,Bible Study,2024-10-09 13:11:46.223087,135,112,0.8296296296296296
444,2,Bible Study,2024-10-16 13:11:46.223087,135,161,1.1925925925925926
445,2,Bible Study,2024-10-23 13:11:46.223087,135,98,0.725925925925926
446,2,Bible Study,2024-10-30 13:11:46.223087,135,135,1.0
447,2,Bible Study,2024-11-06 13:11:46.223087,135,119,0.8814814814814815
448,2,Bible Study,2024-11-13 13:11:46.223087,135,107,0.7925925925925926
449,2,Bible Study,2024-11-20 13:11:46.223087,135,128,0.9481481481481482
450,2,Bible Study,2024-11-27 13:11:46.223087,135,143,1.0592592592592593
451,2,Bible Study,2024-12-04 13:11:46.223087,135,105,0.7777777777777778
452,2,Bible Study,2024-12-11 13:11:46.223087,135,164,1.2148148148148148
453,2,Bible Study,2024-12-18 13:11:46.223087,135,102,0.7555555555555555
454,2,Bible Study,2024-12-25 13:11:46.223087,135,128,0.9481481481481482
455,2,Bible Study,2025-01-01 13:11:46.223087,135,166,1.2296296296296296
456,2,Bible Study,2025-01-08 13:11:46.223087,135,127,0.9407407407407408
457,2,Bible Study,2025-01-15 13:11:46.223087,135,159,1.1777777777777778
458,2,Bible Study,2025-01-22 13:11:46.223087,135,165,1.2222222222222223
459,2,Bible Study,2025-01-29 13:11:46.223087,135,97,0.7185185185185186
460,2,Bible Study,2025-02-05 13:11:46.223087,135,161,1.1925925925925926
461,2,Bible Study,2025-02-12 13:11:46.223087,135,116,0.8592592592592593
462,2,Bible Study,2025-02-19 13:11:46.223087,135,99,0.7333333333333333
463,2,Bible Study,2025-02-26 13:11:46.223087,135,154,1.1407407407407408
464,2,Bible Study,2025-03-05 13:11:46.223087,135,165,1.2222222222222223
465,2,Bible Study,2025-03-12 13:11:46.223087,135,174,1.288888888888889
466,2,Bible Study,2025-03-19 13:11:46.223087,135,159,1.1777777777777778
467,2,Bible Study,2025-03-26 13:11:46.223087,135,145,1.0740740740740742
468,2,Bible Study,2025-04-02 13:11:46.223087,135,165,1.2222222222222223
469,2,Bible Study,2025-04-09 13:11:46.223087,135,159,1.1777777777777778
470,2,Bible Study,2025-04-16 13:11:46.223087,135,126,0.9333333333333333
471,2,Bible Study,2025-04-23 13:11:46.223087,135,164,1.2148148148148148
472,2,Bible Study,2025-04-30 13:11:46.223087,135,94,0.6962962962962963
473,2,Bible Study,2025-05-07 13:11:46.223087,135,135,1.0
474,2,Bible Study,2025-05-14 13:11:46.223087,135,124,0.9185185185185185
475,2,Bible Study,2025-05-21 13:11:46.223087,135,136,1.0074074074074073
476,2,Bible Study,2025-05-28 13:11:46.223087,135,147,1.0888888888888888
477,2,Bible Study,2025-06-04 13:11:46.223087,135,166,1.2296296296296296
478,2,Bible Study,2025-06-11 13:11:46.223087,135,98,0.725925925925926
479,2,Bible Study,2025-06-18 13:11:46.223087,135,120,0.8888888888888888
480,2,Bible Study,2025-06-25 13:11:46.223087,135,142,1.0518518518518518
481,2,Bible Study,2025-07-02 13:11:46.223087,135,143,1.0592592592592593
482,2,Bible Study,2025-07-09 13:11:46.223087,135,141,1.0444444444444445
483,2,Bible Study,2025-07-16 13:11:46.223087,135,142,1.0518518518518518
484,2,Bible Study,2025-07-23 13:11:46.223087,135,171,1.2666666666666666
485,2,Bible Study,2025-07-30 13:11:46.223087,135,138,1.0222222222222221
486,2,Bible Study,2025-08-06 13:11:46.223087,135,100,0.7407407407407407
487,2,Bible Study,2025-08-13 13:11:46.223087,135,101,0.7481481481481481
488,2,Bible Study,2025-08-20 13:11:46.223087,135,152,1.125925925925926
489,2,Bible Study,2025-08-27 13:11:46.223087,135,165,1.2222222222222223
490,2,Bible Study,2025-09-03 13:11:46.223087,135,147,1.0888888888888888
491,2,Bible Study,2025-09-10 13:11:46.223087,135,106,0.7851851851851852
492,2,Bible Study,2025-09-17 13:11:46.223087,135,174,1.288888888888889
493,2,Bible Study,2025-09-24 13:11:46.223087,135,117,0.8666666666666667
494,2,Bible Study,2025-10-01 13:11:46.223087,135,166,1.2296296296296296
495,2,Bible Study,2025-10-08 13:11:46.223087,135,103,0.762962962962963
496,2,Bible Study,2025-10-15 13:11:46.223087,135,153,1.1333333333333333
497,2,Bible Study,2025-10-22 13:11:46.223087,135,129,0.9555555555555556
498,2,Bible Study,2025-10-29 13:11:46.223087,135,159,1.1777777777777778
499,2,Bible Study,2025-11-05 13:11:46.223087,135,115,0.8518518518518519
500,2,Bible Study,2025-11-12 13:11:46.223087,135,143,1.0592592592592593
501,2,Bible Study,2025-11-19 13:11:46.223087,135,110,0.8148148148148148
502,2,Bible Study,2025-11-26 13:11:46.223087,135,125,0.9259259259259259
503,2,Bible Study,2025-12-03 13:11:46.223087,135,101,0.7481481481481481
504,2,Bible Study,2025-12-10 13:11:46.223087,135,148,1.0962962962962963
505,2,Bible Study,2025-12-17 13:11:46.223087,135,153,1.1333333333333333
506,2,Bible Study,2025-12-24 13:11:46.223087,135,148,1.0962962962962963
507,2,Bible Study,2025-12-31 13:11:46.223087,135,163,1.2074074074074075
508,2,Youth Service,2024-01-03 13:11:46.223087,180,134,0.7444444444444445
509,2,Youth Service,2024-02-02 13:11:46.223087,180,149,0.8277777777777777
510,2,Youth Service,2024-03-03 13:11:46.223087,180,204,1.1333333333333333
511,2,Youth Service,2024-04-02 13:11:46.223087,180,138,0.7666666666666667
512,2,Youth Service,2024-05-02 13:11:46.223087,180,189,1.05
513,2,Youth Service,2024-06-01 13:11:46.223087,180,159,0.8833333333333333
514,2,Youth Service,2024-07-01 13:11:46.223087,180,157,0.8722222222222222
515,2,Youth Service,2024-07-31 13:11:46.223087,180,135,0.75
516,2,Youth Service,2024-08-30 13:11:46.223087,180,155,0.8611111111111112
517,2,Youth Service,2024-09-29 13:11:46.223087,180,229,1.2722222222222221
518,2,Youth Service,2024-10-29 13:11:46.223087,180,219,1.2166666666666666
519,2,Youth Service,2024-11-28 13:11:46.223087,180,168,0.9333333333333333
520,2,Youth Service,2024-12-28 13:11:46.223087,180,130,0.7222222222222222
521,2,Youth Service,2025-01-27 13:11:46.223087,180,190,1.0555555555555556
522,2,Youth Service,2025-02-26 13:11:46.223087,180,193,1.0722222222222222
523,2,Youth Service,2025-03-28 13:11:46.223087,180,163,0.9055555555555556
524,2,Youth Service,2025-04-27 13:11:46.223087,180,213,1.1833333333333333
525,2,Youth Service,2025-05-27 13:11:46.223087,180,204,1.1333333333333333
526,2,Youth Service,2025-06-26 13:11:46.223087,180,161,0.8944444444444445
527,2,Youth Service,2025-07-26 13:11:46.223087,180,165,0.9166666666666666
528,2,Youth Service,2025-08-25 13:11:46.223087,180,146,0.8111111111111111
529,2,Youth Service,2025-09-24 13:11:46.223087,180,159,0.8833333333333333
530,2,Youth Service,2025-10-24 13:11:46.223087,180,221,1.2277777777777779
531,2,Youth Service,2025-11-23 13:11:46.223087,180,131,0.7277777777777777
532,2,Youth Service,2025-12-23 13:11:46.223087,180,230,1.2777777777777777
533,2,Women's Fellowship,2024-01-03 13:11:46.223087,90,79,0.8777777777777778
534,2,Women's Fellowship,2024-02-02 13:11:46.223087,90,104,1.1555555555555554
535,2,Women's Fellowship,2024-03-03 13:11:46.223087,90,77,0.8555555555555555
536,2,Women's Fellowship,2024-04-02 13:11:46.223087,90,86,0.9555555555555556
537,2,Women's Fellowship,2024-05-02 13:11:46.223087,90,84,0.9333333333333333
538,2,Women's Fellowship,2024-06-01 13:11:46.223087,90,90,1.0
539,2,Women's Fellowship,2024-07-01 13:11:46.223087,90,98,1.0888888888888888
540,2,Women's Fellowship,2024-07-31 13:11:46.223087,90,75,0.8333333333333334
541,2,Women's Fellowship,2024-08-30 13:11:46.223087,90,79,0.8777777777777778
542,2,Women's Fellowship,2024-09-29 13:11:46.223087,90,111,1.2333333333333334
543,2,Women's Fellowship,2024-10-29 13:11:46.223087,90,73,0.8111111111111111
544,2,Women's Fellowship,2024-11-28 13:11:46.223087,90,78,0.8666666666666667
545,2,Women's Fellowship,2024-12-28 13:11:46.223087,90,102,1.1333333333333333
546,2,Women's Fellowship,2025-01-27 13:11:46.223087,90,74,0.8222222222222222
547,2,Women's Fellowship,2025-02-26 13:11:46.223087,90,92,1.0222222222222221
548,2,Women's Fellowship,2025-03-28 13:11:46.223087,90,78,0.8666666666666667
549,2,Women's Fellowship,2025-04-27 13:11:46.223087,90,84,0.9333333333333333
550,2,Women's Fellowship,2025-05-27 13:11:46.223087,90,107,1.1888888888888889
551,2,Women's Fellowship,2025-06-26 13:11:46.223087,90,76,0.8444444444444444
552,2,Women's Fellowship,2025-07-26 13:11:46.223087,90,63,0.7
553,2,Women's Fellowship,2025-08-25 13:11:46.223087,90,97,1.0777777777777777
554,2,Women's Fellowship,2025-09-24 13:11:46.223087,90,111,1.2333333333333334
555,2,Women's Fellowship,2025-10-24 13:11:46.223087,90,95,1.0555555555555556
556,2,Women's Fellowship,2025-11-23 13:11:46.223087,90,92,1.0222222222222221
557,2,Women's Fellowship,2025-12-23 13:11:46.223087,90,66,0.7333333333333333
558,2,Men's Breakfast,2024-01-03 13:11:46.223087,67,52,0.7761194029850746
559,2,Men's Breakfast,2024-02-02 13:11:46.223087,67,56,0.835820895522388
560,2,Men's Breakfast,2024-03-03 13:11:46.223087,67,47,0.7014925373134329
561,2,Men's Breakfast,2024-04-02 13:11:46.223087,67,63,0.9402985074626866
562,2,Men's Breakfast,2024-05-02 13:11:46.223087,67,68,1.0149253731343284
563,2,Men's Breakfast,2024-06-01 13:11:46.223087,67,66,0.9850746268656716
564,2,Men's Breakfast,2024-07-01 13:11:46.223087,67,58,0.8656716417910447
565,2,Men's Breakfast,2024-07-31 13:11:46.223087,67,53,0.7910447761194029
566,2,Men's Breakfast,2024-08-30 13:11:46.223087,67,86,1.2835820895522387
567,2,Men's Breakfast,2024-09-29 13:11:46.223087,67,69,1.0298507462686568
568,2,Men's Breakfast,2024-10-29 13:11:46.223087,67,55,0.8208955223880597
569,2,Men's Breakfast,2024-11-28 13:11:46.223087,67,78,1.164179104477612
570,2,Men's Breakfast,2024-12-28 13:11:46.223087,67,65,0.9701492537313433
571,2,Men's Breakfast,2025-01-27 13:11:46.223087,67,55,0.8208955223880597
572,2,Men's Breakfast,2025-02-26 13:11:46.223087,67,76,1.1343283582089552
573,2,Men's Breakfast,2025-03-28 13:11:46.223087,67,76,1.1343283582089552
574,2,Men's Breakfast,2025-04-27 13:11:46.223087,67,81,1.208955223880597
575,2,Men's Breakfast,2025-05-27 13:11:46.223087,67,48,0.7164179104477612
576,2,Men's Breakfast,2025-06-26 13:11:46.223087,67,66,0.9850746268656716
577,2,Men's Breakfast,2025-07-26 13:11:46.223087,67,64,0.9552238805970149
578,2,Men's Breakfast,2025-08-25 13:11:46.223087,67,83,1.2388059701492538
579,2,Men's Breakfast,2025-09-24 13:11:46.223087,67,62,0.9253731343283582
580,2,Men's Breakfast,2025-10-24 13:11:46.223087,67,83,1.2388059701492538
581,2,Men's Breakfast,2025-11-23 13:11:46.223087,67,86,1.2835820895522387
582,2,Men's Breakfast,2025-12-23 13:11:46.223087,67,85,1.2686567164179106
583,2,Community Outreach,2024-01-03 13:11:46.223087,157,197,1.2547770700636942
584,2,Community Outreach,2024-04-02 13:11:46.223087,157,131,0.8343949044585988
585,2,Community Outreach,2024-07-01 13:11:46.223087,157,180,1.1464968152866242
586,2,Community Outreach,2024-09-29 13:11:46.223087,157,152,0.9681528662420382
587,2,Community Outreach,2024-12-28 13:11:46.223087,157,186,1.1847133757961783
588,2,Community Outreach,2025-03-28 13:11:46.223087,157,197,1.2547770700636942
589,2,Community Outreach,2025-06-26 13:11:46.223087,157,171,1.089171974522293
590,2,Community Outreach,2025-09-24 13:11:46.223087,157,189,1.2038216560509554
591,2,Community Outreach,2025-12-23 13:11:46.223087,157,149,0.9490445859872612
592,2,Church Retreat,2024-01-03 13:11:46.223087,225,266,1.1822222222222223
593,2,Church Retreat,2025-01-02 13:11:46.223087,225,180,0.8
594,2,Church Retreat,2026-01-02 13:11:46.223087,225,159,0.7066666666666667
595,3,Prayer Meeting,2024-01-03 13:11:46.223087,50,52,1.04
596,3,Prayer Meeting,2024-01-10 13:11:46.223087,50,53,1.06
597,3,Prayer Meeting,2024-01-17 13:11:46.223087,50,48,0.96
598,3,Prayer Meeting,2024-01-24 13:11:46.223087,50,43,0.86
599,3,Prayer Meeting,2024-01-31 13:11:46.223087,50,47,0.94
600,3,Prayer Meeting,2024-02-07 13:11:46.223087,50,37,0.74
601,3,Prayer Meeting,2024-02-14 13:11:46.223087,50,44,0.88
602,3,Prayer Meeting,2024-02-21 13:11:46.223087,50,57,1.14
603,3,Prayer Meeting,2024-02-28 13:11:46.223087,50,58,1.16
604,3,Prayer Meeting,2024-03-06 13:11:46.223087,50,50,1.0
605,3,Prayer Meeting,2024-03-13 13:11:46.223087,50,41,0.82
606,3,Prayer Meeting,2024-03-20 13:11:46.223087,50,43,0.86
607,3,Prayer Meeting,2024-03-27 13:11:46.223087,50,45,0.9
608,3,Prayer Meeting,2024-04-03 13:11:46.223087,50,49,0.98
609,3,Prayer Meeting,2024-04-10 13:11:46.223087,50,43,0.86
610,3,Prayer Meeting,2024-04-17 13:11:46.223087,50,43,0.86
611,3,Prayer Meeting,2024-04-24 13:11:46.223087,50,49,0.98
612,3,Prayer Meeting,2024-05-01 13:11:46.223087,50,45,0.9
613,3,Prayer Meeting,2024-05-08 13:11:46.223087,50,56,1.12
614,3,Prayer Meeting,2024-05-15 13:11:46.223087,50,64,1.28
615,3,Prayer Meeting,2024-05-22 13:11:46.223087,50,36,0.72
616,3,Prayer Meeting,2024-05-29 13:11:46.223087,50,52,1.04
617,3,Prayer Meeting,2024-06-05 13:11:46.223087,50,41,0.82
618,3,Prayer Meeting,2024-06-12 13:11:46.223087,50,49,0.98
619,3,Prayer Meeting,2024-06-19 13:11:46.223087,50,49,0.98
620,3,Prayer Meeting,2024-06-26 13:11:46.223087,50,55,1.1
621,3,Prayer Meeting,2024-07-03 13:11:46.223087,50,57,1.14
622,3,Prayer Meeting,2024-07-10 13:11:46.223087,50,56,1.12
623,3,Prayer Meeting,2024-07-17 13:11:46.223087,50,45,0.9
624,3,Prayer Meeting,2024-07-24 13:11:46.223087,50,36,0.72
625,3,Prayer Meeting,2024-07-31 13:11:46.223087,50,43,0.86
626,3,Prayer Meeting,2024-08-07 13:11:46.223087,50,59,1.18
627,3,Prayer Meeting,2024-08-14 13:11:46.223087,50,48,0.96
628,3,Prayer Meeting,2024-08-21 13:11:46.223087,50,55,1.1
629,3,Prayer Meeting,2024-08-28 13:11:46.223087,50,53,1.06
630,3,Prayer Meeting,2024-09-04 13:11:46.223087,50,55,1.1
631,3,Prayer Meeting,2024-09-11 13:11:46.223087,50,57,1.14
632,3,Prayer Meeting,2024-09-18 13:11:46.223087,50,61,1.22
633,3,Prayer Meeting,2024-09-25 13:11:46.223087,50,41,0.82
634,3,Prayer Meeting,2024-10-02 13:11:46.223087,50,36,0.72
635,3,Prayer Meeting,2024-10-09 13:11:46.223087,50,50,1.0
636,3,Prayer Meeting,2024-10-16 13:11:46.223087,50,62,1.24
637,3,Prayer Meeting,2024-10-23 13:11:46.223087,50,39,0.78
638,3,Prayer Meeting,2024-10-30 13:11:46.223087,50,62,1.24
639,3,Prayer Meeting,2024-11-06 13:11:46.223087,50,60,1.2
640,3,Prayer Meeting,2024-11-13 13:11:46.223087,50,63,1.26
641,3,Prayer Meeting,2024-11-20 13:11:46.223087,50,43,0.86
642,3,Prayer Meeting,2024-11-27 13:11:46.223087,50,47,0.94
643,3,Prayer Meeting,2024-12-04 13:11:46.223087,50,59,1.18
644,3,Prayer Meeting,2024-12-11 13:11:46.223087,50,43,0.86
645,3,Prayer Meeting,2024-12-18 13:11:46.223087,50,64,1.28
646,3,Prayer Meeting,2024-12-25 13:11:46.223087,50,38,0.76
647,3,Prayer Meeting,2025-01-01 13:11:46.223087,50,45,0.9
648,3,Prayer Meeting,2025-01-08 13:11:46.223087,50,48,0.96
649,3,Prayer Meeting,2025-01-15 13:11:46.223087,50,41,0.82
650,3,Prayer Meeting,2025-01-22 13:11:46.223087,50,36,0.72
651,3,Prayer Meeting,2025-01-29 13:11:46.223087,50,61,1.22
652,3,Prayer Meeting,2025-02-05 13:11:46.223087,50,44,0.88
653,3,Prayer Meeting,2025-02-12 13:11:46.223087,50,52,1.04
654,3,Prayer Meeting,2025-02-19 13:11:46.223087,50,40,0.8
655,3,Prayer Meeting,2025-02-26 13:11:46.223087,50,57,1.14
656,3,Prayer Meeting,2025-03-05 13:11:46.223087,50,38,0.76
657,3,Prayer Meeting,2025-03-12 13:11:46.223087,50,56,1.12
658,3,Prayer Meeting,2025-03-19 13:11:46.223087,50,54,1.08
659,3,Prayer Meeting,2025-03-26 13:11:46.223087,50,52,1.04
660,3,Prayer Meeting,2025-04-02 13:11:46.223087,50,55,1.1
661,3,Prayer Meeting,2025-04-09 13:11:46.223087,50,42,0.84
662,3,Prayer Meeting,2025-04-16 13:11:46.223087,50,53,1.06
663,3,Prayer Meeting,2025-04-23 13:11:46.223087,50,36,0.72
664,3,Prayer Meeting,2025-04-30 13:11:46.223087,50,42,0.84
665,3,Prayer Meeting,2025-05-07 13:11:46.223087,50,53,1.06
666,3,Prayer Meeting,2025-05-14 13:11:46.223087,50,48,0.96
667,3,Prayer Meeting,2025-05-21 13:11:46.223087,50,35,0.7
668,3,Prayer Meeting,2025-05-28 13:11:46.223087,50,52,1.04
669,3,Prayer Meeting,2025-06-04 13:11:46.223087,50,60,1.2
670,3,Prayer Meeting,2025-06-11 13:11:46.223087,50,35,0.7
671,3,Prayer Meeting,2025-06-18 13:11:46.223087,50,55,1.1
672,3,Prayer Meeting,2025-06-25 13:11:46.223087,50,41,0.82
673,3,Prayer Meeting,2025-07-02 13:11:46.223087,50,38,0.76
674,3,Prayer Meeting,2025-07-09 13:11:46.223087,50,51,1.02
675,3,Prayer Meeting,2025-07-16 13:11:46.223087,50,54,1.08
676,3,Prayer Meeting,2025-07-23 13:11:46.223087,50,36,0.72
677,3,Prayer Meeting,2025-07-30 13:11:46.223087,50,36,0.72
678,3,Prayer Meeting,2025-08-06 13:11:46.223087,50,60,1.2
679,3,Prayer Meeting,2025-08-13 13:11:46.223087,50,36,0.72
680,3,Prayer Meeting,2025-08-20 13:11:46.223087,50,35,0.7
681,3,Prayer Meeting,2025-08-27 13:11:46.223087,50,43,0.86
682,3,Prayer Meeting,2025-09-03 13:11:46.223087,50,58,1.16
683,3,Prayer Meeting,2025-09-10 13:11:46.223087,50,52,1.04
684,3,Prayer Meeting,2025-09-17 13:11:46.223087,50,58,1.16
685,3,Prayer Meeting,2025-09-24 13:11:46.223087,50,37,0.74
686,3,Prayer Meeting,2025-10-01 13:11:46.223087,50,48,0.96
687,3,Prayer Meeting,2025-10-08 13:11:46.223087,50,56,1.12
688,3,Prayer Meeting,2025-10-15 13:11:46.223087,50,56,1.12
689,3,Prayer Meeting,2025-10-22 13:11:46.223087,50,55,1.1
690,3,Prayer Meeting,2025-10-29 13:11:46.223087,50,61,1.22
691,3,Prayer Meeting,2025-11-05 13:11:46.223087,50,43,0.86
692,3,Prayer Meeting,2025-11-12 13:11:46.223087,50,39,0.78
693,3,Prayer Meeting,2025-11-19 13:11:46.223087,50,41,0.82
694,3,Prayer Meeting,2025-11-26 13:11:46.223087,50,47,0.94
695,3,Prayer Meeting,2025-12-03 13:11:46.223087,50,40,0.8
696,3,Prayer Meeting,2025-12-10 13:11:46.223087,50,61,1.22
697,3,Prayer Meeting,2025-12-17 13:11:46.223087,50,47,0.94
698,3,Prayer Meeting,2025-12-24 13:11:46.223087,50,64,1.28
699,3,Prayer Meeting,2025-12-31 13:11:46.223087,50,59,1.18
700,3,Bible Study,2024-01-03 13:11:46.223087,60,61,1.0166666666666666
701,3,Bible Study,2024-01-10 13:11:46.223087,60,59,0.9833333333333333
702,3,Bible Study,2024-01-17 13:11:46.223087,60,51,0.85
703,3,Bible Study,2024-01-24 13:11:46.223087,60,72,1.2
704,3,Bible Study,2024-01-31 13:11:46.223087,60,55,0.9166666666666666
705,3,Bible Study,2024-02-07 13:11:46.223087,60,59,0.9833333333333333
706,3,Bible Study,2024-02-14 13:11:46.223087,60,47,0.7833333333333333
707,3,Bible Study,2024-02-21 13:11:46.223087,60,44,0.7333333333333333
708,3,Bible Study,2024-02-28 13:11:46.223087,60,55,0.9166666666666666
709,3,Bible Study,2024-03-06 13:11:46.223087,60,54,0.9
710,3,Bible Study,2024-03-13 13:11:46.223087,60,76,1.2666666666666666
711,3,Bible Study,2024-03-20 13:11:46.223087,60,51,0.85
712,3,Bible Study,2024-03-27 13:11:46.223087,60,52,0.8666666666666667
713,3,Bible Study,2024-04-03 13:11:46.223087,60,60,1.0
714,3,Bible Study,2024-04-10 13:11:46.223087,60,48,0.8
715,3,Bible Study,2024-04-17 13:11:46.223087,60,75,1.25
716,3,Bible Study,2024-04-24 13:11:46.223087,60,76,1.2666666666666666
717,3,Bible Study,2024-05-01 13:11:46.223087,60,47,0.7833333333333333
718,3,Bible Study,2024-05-08 13:11:46.223087,60,61,1.0166666666666666
719,3,Bible Study,2024-05-15 13:11:46.223087,60,52,0.8666666666666667
720,3,Bible Study,2024-05-22 13:11:46.223087,60,66,1.1
721,3,Bible Study,2024-05-29 13:11:46.223087,60,68,1.1333333333333333
722,3,Bible Study,2024-06-05 13:11:46.223087,60,47,0.7833333333333333
723,3,Bible Study,2024-06-12 13:11:46.223087,60,66,1.1
724,3,Bible Study,2024-06-19 13:11:46.223087,60,66,1.1
725,3,Bible Study,2024-06-26 13:11:46.223087,60,54,0.9
726,3,Bible Study,2024-07-03 13:11:46.223087,60,61,1.0166666666666666
727,3,Bible Study,2024-07-10 13:11:46.223087,60,47,0.7833333333333333
728,3,Bible Study,2024-07-17 13:11:46.223087,60,58,0.9666666666666667
729,3,Bible Study,2024-07-24 13:11:46.223087,60,54,0.9
730,3,Bible Study,2024-07-31 13:11:46.223087,60,60,1.0
731,3,Bible Study,2024-08-07 13:11:46.223087,60,48,0.8
732,3,Bible Study,2024-08-14 13:11:46.223087,60,52,0.8666666666666667
733,3,Bible Study,2024-08-21 13:11:46.223087,60,62,1.0333333333333334
734,3,Bible Study,2024-08-28 13:11:46.223087,60,77,1.2833333333333334
735,3,Bible Study,2024-09-04 13:11:46.223087,60,58,0.9666666666666667
736,3,Bible Study,2024-09-11 13:11:46.223087,60,54,0.9
737,3,Bible Study,2024-09-18 13:11:46.223087,60,48,0.8
738,3,Bible Study,2024-09-25 13:11:46.223087,60,66,1.1
739,3,Bible Study,2024-10-02 13:11:46.223087,60,63,1.05
740,3,Bible Study,2024-10-09 13:11:46.223087,60,62,1.0333333333333334
741,3,Bible Study,2024-10-16 13:11:46.223087,60,43,0.7166666666666667
742,3,Bible Study,2024-10-23 13:11:46.223087,60,68,1.1333333333333333
743,3,Bible Study,2024-10-30 13:11:46.223087,60,62,1.0333333333333334
744,3,Bible Study,2024-11-06 13:11:46.223087,60,43,0.7166666666666667
745,3,Bible Study,2024-11-13 13:11:46.223087,60,61,1.0166666666666666
746,3,Bible Study,2024-11-20 13:11:46.223087,60,66,1.1
747,3,Bible Study,2024-11-27 13:11:46.223087,60,46,0.7666666666666667
748,3,Bible Study,2024-12-04 13:11:46.223087,60,75,1.25
749,3,Bible Study,2024-12-11 13:11:46.223087,60,72,1.2
750,3,Bible Study,2024-12-18 13:11:46.223087,60,42,0.7
751,3,Bible Study,2024-12-25 13:11:46.223087,60,48,0.8
752,3,Bible Study,2025-01-01 13:11:46.223087,60,65,1.0833333333333333
753,3,Bible Study,2025-01-08 13:11:46.223087,60,48,0.8
754,3,Bible Study,2025-01-15 13:11:46.223087,60,70,1.1666666666666667
755,3,Bible Study,2025-01-22 13:11:46.223087,60,53,0.8833333333333333
756,3,Bible Study,2025-01-29 13:11:46.223087,60,72,1.2
757,3,Bible Study,2025-02-05 13:11:46.223087,60,44,0.7333333333333333
758,3,Bible Study,2025-02-12 13:11:46.223087,60,56,0.9333333333333333
759,3,Bible Study,2025-02-19 13:11:46.223087,60,76,1.2666666666666666
760,3,Bible Study,2025-02-26 13:11:46.223087,60,49,0.8166666666666667
761,3,Bible Study,2025-03-05 13:11:46.223087,60,61,1.0166666666666666
762,3,Bible Study,2025-03-12 13:11:46.223087,60,50,0.8333333333333334
763,3,Bible Study,2025-03-19 13:11:46.223087,60,54,0.9
764,3,Bible Study,2025-03-26 13:11:46.223087,60,44,0.7333333333333333
765,3,Bible Study,2025-04-02 13:11:46.223087,60,42,0.7
766,3,Bible Study,2025-04-09 13:11:46.223087,60,46,0.7666666666666667
767,3,Bible Study,2025-04-16 13:11:46.223087,60,52,0.8666666666666667
768,3,Bible Study,2025-04-23 13:11:46.223087,60,66,1.1
769,3,Bible Study,2025-04-30 13:11:46.223087,60,65,1.0833333333333333
770,3,Bible Study,2025-05-07 13:11:46.223087,60,60,1.0
771,3,Bible Study,2025-05-14 13:11:46.223087,60,57,0.95
772,3,Bible Study,2025-05-21 13:11:46.223087,60,59,0.9833333333333333
773,3,Bible Study,2025-05-28 13:11:46.223087,60,61,1.0166666666666666
774,3,Bible Study,2025-06-04 13:11:46.223087,60,66,1.1
775,3,Bible Study,2025-06-11 13:11:46.223087,60,67,1.1166666666666667
776,3,Bible Study,2025-06-18 13:11:46.223087,60,73,1.2166666666666666
777,3,Bible Study,2025-06-25 13:11:46.223087,60,55,0.9166666666666666
778,3,Bible Study,2025-07-02 13:11:46.223087,60,49,0.8166666666666667
779,3,Bible Study,2025-07-09 13:11:46.223087,60,55,0.9166666666666666
780,3,Bible Study,2025-07-16 13:11:46.223087,60,59,0.9833333333333333
781,3,Bible Study,2025-07-23 13:11:46.223087,60,61,1.0166666666666666
782,3,Bible Study,2025-07-30 13:11:46.223087,60,72,1.2
783,3,Bible Study,2025-08-06 13:11:46.223087,60,47,0.7833333333333333
784,3,Bible Study,2025-08-13 13:11:46.223087,60,67,1.1166666666666667
785,3,Bible Study,2025-08-20 13:11:46.223087,60,61,1.0166666666666666
786,3,Bible Study,2025-08-27 13:11:46.223087,60,58,0.9666666666666667
787,3,Bible Study,2025-09-03 13:11:46.223087,60,73,1.2166666666666666
788,3,Bible Study,2025-09-10 13:11:46.223087,60,61,1.0166666666666666
789,3,Bible Study,2025-09-17 13:11:46.223087,60,71,1.1833333333333333
790,3,Bible Study,2025-09-24 13:11:46.223087,60,69,1.15
791,3,Bible Study,2025-10-01 13:11:46.223087,60,53,0.8833333333333333
792,3,Bible Study,2025-10-08 13:11:46.223087,60,65,1.0833333333333333
793,3,Bible Study,2025-10-15 13:11:46.223087,60,55,0.9166666666666666
794,3,Bible Study,2025-10-22 13:11:46.223087,60,56,0.9333333333333333
795,3,Bible Study,2025-10-29 13:11:46.223087,60,74,1.2333333333333334
796,3,Bible Study,2025-11-05 13:11:46.223087,60,54,0.9
797,3,Bible Study,2025-11-12 13:11:46.223087,60,74,1.2333333333333334
798,3,Bible Study,2025-11-19 13:11:46.223087,60,72,1.2
799,3,Bible Study,2025-11-26 13:11:46.223087,60,76,1.2666666666666666
800,3,Bible Study,2025-12-03 13:11:46.223087,60,47,0.7833333333333333
801,3,Bible Study,2025-12-10 13:11:46.223087,60,45,0.75
802,3,Bible Study,2025-12-17 13:11:46.223087,60,43,0.7166666666666667
803,3,Bible Study,2025-12-24 13:11:46.223087,60,75,1.25
804,3,Bible Study,2025-12-31 13:11:46.223087,60,42,0.7
805,3,Youth Service,2024-01-03 13:11:46.223087,80,56,0.7
806,3,Youth Service,2024-02-02 13:11:46.223087,80,67,0.8375
807,3,Youth Service,2024-03-03 13:11:46.223087,80,85,1.0625
808,3,Youth Service,2024-04-02 13:11:46.223087,80,59,0.7375
809,3,Youth Service,2024-05-02 13:11:46.223087,80,78,0.975
810,3,Youth Service,2024-06-01 13:11:46.223087,80,80,1.0
811,3,Youth Service,2024-07-01 13:11:46.223087,80,85,1.0625
812,3,Youth Service,2024-07-31 13:11:46.223087,80,80,1.0
813,3,Youth Service,2024-08-30 13:11:46.223087,80,103,1.2875
814,3,Youth Service,2024-09-29 13:11:46.223087,80,93,1.1625
815,3,Youth Service,2024-10-29 13:11:46.223087,80,66,0.825
816,3,Youth Service,2024-11-28 13:11:46.223087,80,62,0.775
817,3,Youth Service,2024-12-28 13:11:46.223087,80,59,0.7375
818,3,Youth Service,2025-01-27 13:11:46.223087,80,66,0.825
819,3,Youth Service,2025-02-26 13:11:46.223087,80,56,0.7
820,3,Youth Service,2025-03-28 13:11:46.223087,80,63,0.7875
821,3,Youth Service,2025-04-27 13:11:46.223087,80,85,1.0625
822,3,Youth Service,2025-05-27 13:11:46.223087,80,63,0.7875
823,3,Youth Service,2025-06-26 13:11:46.223087,80,76,0.95
824,3,Youth Service,2025-07-26 13:11:46.223087,80,94,1.175
825,3,Youth Service,2025-08-25 13:11:46.223087,80,98,1.225
826,3,Youth Service,2025-09-24 13:11:46.223087,80,61,0.7625
827,3,Youth Service,2025-10-24 13:11:46.223087,80,87,1.0875
828,3,Youth Service,2025-11-23 13:11:46.223087,80,70,0.875
829,3,Youth Service,2025-12-23 13:11:46.223087,80,81,1.0125
830,3,Women's Fellowship,2024-01-03 13:11:46.223087,40,29,0.725
831,3,Women's Fellowship,2024-02-02 13:11:46.223087,40,40,1.0
832,3,Women's Fellowship,2024-03-03 13:11:46.223087,40,45,1.125
833,3,Women's Fellowship,2024-04-02 13:11:46.223087,40,28,0.7
834,3,Women's Fellowship,2024-05-02 13:11:46.223087,40,48,1.2
835,3,Women's Fellowship,2024-06-01 13:11:46.223087,40,44,1.1
836,3,Women's Fellowship,2024-07-01 13:11:46.223087,40,45,1.125
837,3,Women's Fellowship,2024-07-31 13:11:46.223087,40,37,0.925
838,3,Women's Fellowship,2024-08-30 13:11:46.223087,40,39,0.975
839,3,Women's Fellowship,2024-09-29 13:11:46.223087,40,37,0.925
840,3,Women's Fellowship,2024-10-29 13:11:46.223087,40,45,1.125
841,3,Women's Fellowship,2024-11-28 13:11:46.223087,40,32,0.8
842,3,Women's Fellowship,2024-12-28 13:11:46.223087,40,30,0.75
843,3,Women's Fellowship,2025-01-27 13:11:46.223087,40,43,1.075
844,3,Women's Fellowship,2025-02-26 13:11:46.223087,40,47,1.175
845,3,Women's Fellowship,2025-03-28 13:11:46.223087,40,32,0.8
846,3,Women's Fellowship,2025-04-27 13:11:46.223087,40,45,1.125
847,3,Women's Fellowship,2025-05-27 13:11:46.223087,40,35,0.875
848,3,Women's Fellowship,2025-06-26 13:11:46.223087,40,35,0.875
849,3,Women's Fellowship,2025-07-26 13:11:46.223087,40,32,0.8
850,3,Women's Fellowship,2025-08-25 13:11:46.223087,40,44,1.1
851,3,Women's Fellowship,2025-09-24 13:11:46.223087,40,41,1.025
852,3,Women's Fellowship,2025-10-24 13:11:46.223087,40,40,1.0
853,3,Women's Fellowship,2025-11-23 13:11:46.223087,40,30,0.75
854,3,Women's Fellowship,2025-12-23 13:11:46.223087,40,34,0.85
855,3,Men's Breakfast,2024-01-03 13:11:46.223087,30,28,0.9333333333333333
856,3,Men's Breakfast,2024-02-02 13:11:46.223087,30,32,1.0666666666666667
857,3,Men's Breakfast,2024-03-03 13:11:46.223087,30,31,1.0333333333333334
858,3,Men's Breakfast,2024-04-02 13:11:46.223087,30,30,1.0
859,3,Men's Breakfast,2024-05-02 13:11:46.223087,30,33,1.1
860,3,Men's Breakfast,2024-06-01 13:11:46.223087,30,37,1.2333333333333334
861,3,Men's Breakfast,2024-07-01 13:11:46.223087,30,37,1.2333333333333334
862,3,Men's Breakfast,2024-07-31 13:11:46.223087,30,31,1.0333333333333334
863,3,Men's Breakfast,2024-08-30 13:11:46.223087,30,32,1.0666666666666667
864,3,Men's Breakfast,2024-09-29 13:11:46.223087,30,26,0.8666666666666667
865,3,Men's Breakfast,2024-10-29 13:11:46.223087,30,26,0.8666666666666667
866,3,Men's Breakfast,2024-11-28 13:11:46.223087,30,26,0.8666666666666667
867,3,Men's Breakfast,2024-12-28 13:11:46.223087,30,28,0.9333333333333333
868,3,Men's Breakfast,2025-01-27 13:11:46.223087,30,22,0.7333333333333333
869,3,Men's Breakfast,2025-02-26 13:11:46.223087,30,28,0.9333333333333333
870,3,Men's Breakfast,2025-03-28 13:11:46.223087,30,23,0.7666666666666667
871,3,Men's Breakfast,2025-04-27 13:11:46.223087,30,35,1.1666666666666667
872,3,Men's Breakfast,2025-05-27 13:11:46.223087,30,30,1.0
873,3,Men's Breakfast,2025-06-26 13:11:46.223087,30,34,1.1333333333333333
874,3,Men's Breakfast,2025-07-26 13:11:46.223087,30,24,0.8
875,3,Men's Breakfast,2025-08-25 13:11:46.223087,30,27,0.9
876,3,Men's Breakfast,2025-09-24 13:11:46.223087,30,22,0.7333333333333333
877,3,Men's Breakfast,2025-10-24 13:11:46.223087,30,36,1.2
878,3,Men's Breakfast,2025-11-23 13:11:46.223087,30,32,1.0666666666666667
879,3,Men's Breakfast,2025-12-23 13:11:46.223087,30,28,0.9333333333333333
880,3,Community Outreach,2024-01-03 13:11:46.223087,70,90,1.2857142857142858
881,3,Community Outreach,2024-04-02 13:11:46.223087,70,57,0.8142857142857143
882,3,Community Outreach,2024-07-01 13:11:46.223087,70,62,0.8857142857142857
883,3,Community Outreach,2024-09-29 13:11:46.223087,70,70,1.0
884,3,Community Outreach,2024-12-28 13:11:46.223087,70,77,1.1
885,3,Community Outreach,2025-03-28 13:11:46.223087,70,72,1.0285714285714285
886,3,Community Outreach,2025-06-26 13:11:46.223087,70,83,1.1857142857142857
887,3,Community Outreach,2025-09-24 13:11:46.223087,70,58,0.8285714285714286
888,3,Community Outreach,2025-12-23 13:11:46.223087,70,88,1.2571428571428571
889,3,Church Retreat,2024-01-03 13:11:46.223087,100,106,1.06
890,3,Church Retreat,2025-01-02 13:11:46.223087,100,94,0.94
891,3,Church Retreat,2026-01-02 13:11:46.223087,100,106,1.06
892,4,Prayer Meeting,2024-01-03 13:11:46.223087,95,75,0.7894736842105263
893,4,Prayer Meeting,2024-01-10 13:11:46.223087,95,95,1.0
894,4,Prayer Meeting,2024-01-17 13:11:46.223087,95,93,0.9789473684210527
895,4,Prayer Meeting,2024-01-24 13:11:46.223087,95,70,0.7368421052631579
896,4,Prayer Meeting,2024-01-31 13:11:46.223087,95,102,1.0736842105263158
897,4,Prayer Meeting,2024-02-07 13:11:46.223087,95,93,0.9789473684210527
898,4,Prayer Meeting,2024-02-14 13:11:46.223087,95,117,1.231578947368421
899,4,Prayer Meeting,2024-02-21 13:11:46.223087,95,117,1.231578947368421
900,4,Prayer Meeting,2024-02-28 13:11:46.223087,95,81,0.8526315789473684
901,4,Prayer Meeting,2024-03-06 13:11:46.223087,95,106,1.1157894736842104
902,4,Prayer Meeting,2024-03-13 13:11:46.223087,95,122,1.2842105263157895
903,4,Prayer Meeting,2024-03-20 13:11:46.223087,95,79,0.8315789473684211
904,4,Prayer Meeting,2024-03-27 13:11:46.223087,95,79,0.8315789473684211
905,4,Prayer Meeting,2024-04-03 13:11:46.223087,95,69,0.7263157894736842
906,4,Prayer Meeting,2024-04-10 13:11:46.223087,95,105,1.105263157894737
907,4,Prayer Meeting,2024-04-17 13:11:46.223087,95,109,1.1473684210526316
908,4,Prayer Meeting,2024-04-24 13:11:46.223087,95,107,1.1263157894736842
909,4,Prayer Meeting,2024-05-01 13:11:46.223087,95,116,1.2210526315789474
910,4,Prayer Meeting,2024-05-08 13:11:46.223087,95,72,0.7578947368421053
911,4,Prayer Meeting,2024-05-15 13:11:46.223087,95,96,1.0105263157894737
912,4,Prayer Meeting,2024-05-22 13:11:46.223087,95,108,1.1368421052631579
913,4,Prayer Meeting,2024-05-29 13:11:46.223087,95,76,0.8
914,4,Prayer Meeting,2024-06-05 13:11:46.223087,95,95,1.0
915,4,Prayer Meeting,2024-06-12 13:11:46.223087,95,119,1.2526315789473683
916,4,Prayer Meeting,2024-06-19 13:11:46.223087,95,72,0.7578947368421053
917,4,Prayer Meeting,2024-06-26 13:11:46.223087,95,86,0.9052631578947369
918,4,Prayer Meeting,2024-07-03 13:11:46.223087,95,94,0.9894736842105263
919,4,Prayer Meeting,2024-07-10 13:11:46.223087,95,108,1.1368421052631579
920,4,Prayer Meeting,2024-07-17 13:11:46.223087,95,121,1.2736842105263158
921,4,Prayer Meeting,2024-07-24 13:11:46.223087,95,76,0.8
922,4,Prayer Meeting,2024-07-31 13:11:46.223087,95,101,1.063157894736842
923,4,Prayer Meeting,2024-08-07 13:11:46.223087,95,93,0.9789473684210527
924,4,Prayer Meeting,2024-08-14 13:11:46.223087,95,86,0.9052631578947369
925,4,Prayer Meeting,2024-08-21 13:11:46.223087,95,75,0.7894736842105263
926,4,Prayer Meeting,2024-08-28 13:11:46.223087,95,94,0.9894736842105263
927,4,Prayer Meeting,2024-09-04 13:11:46.223087,95,90,0.9473684210526315
928,4,Prayer Meeting,2024-09-11 13:11:46.223087,95,96,1.0105263157894737
929,4,Prayer Meeting,2024-09-18 13:11:46.223087,95,96,1.0105263157894737
930,4,Prayer Meeting,2024-09-25 13:11:46.223087,95,102,1.0736842105263158
931,4,Prayer Meeting,2024-10-02 13:11:46.223087,95,121,1.2736842105263158
932,4,Prayer Meeting,2024-10-09 13:11:46.223087,95,78,0.8210526315789474
933,4,Prayer Meeting,2024-10-16 13:11:46.223087,95,84,0.8842105263157894
934,4,Prayer Meeting,2024-10-23 13:11:46.223087,95,82,0.8631578947368421
935,4,Prayer Meeting,2024-10-30 13:11:46.223087,95,68,0.7157894736842105
936,4,Prayer Meeting,2024-11-06 13:11:46.223087,95,87,0.9157894736842105
937,4,Prayer Meeting,2024-11-13 13:11:46.223087,95,111,1.168421052631579
938,4,Prayer Meeting,2024-11-20 13:11:46.223087,95,77,0.8105263157894737
939,4,Prayer Meeting,2024-11-27 13:11:46.223087,95,86,0.9052631578947369
940,4,Prayer Meeting,2024-12-04 13:11:46.223087,95,105,1.105263157894737
941,4,Prayer Meeting,2024-12-11 13:11:46.223087,95,118,1.2421052631578948
942,4,Prayer Meeting,2024-12-18 13:11:46.223087,95,116,1.2210526315789474
943,4,Prayer Meeting,2024-12-25 13:11:46.223087,95,85,0.8947368421052632
944,4,Prayer Meeting,2025-01-01 13:11:46.223087,95,73,0.7684210526315789
945,4,Prayer Meeting,2025-01-08 13:11:46.223087,95,70,0.7368421052631579
946,4,Prayer Meeting,2025-01-15 13:11:46.223087,95,70,0.7368421052631579
947,4,Prayer Meeting,2025-01-22 13:11:46.223087,95,98,1.0315789473684212
948,4,Prayer Meeting,2025-01-29 13:11:46.223087,95,118,1.2421052631578948
949,4,Prayer Meeting,2025-02-05 13:11:46.223087,95,115,1.2105263157894737
950,4,Prayer Meeting,2025-02-12 13:11:46.223087,95,112,1.1789473684210525
951,4,Prayer Meeting,2025-02-19 13:11:46.223087,95,105,1.105263157894737
952,4,Prayer Meeting,2025-02-26 13:11:46.223087,95,92,0.968421052631579
953,4,Prayer Meeting,2025-03-05 13:11:46.223087,95,84,0.8842105263157894
954,4,Prayer Meeting,2025-03-12 13:11:46.223087,95,100,1.0526315789473684
955,4,Prayer Meeting,2025-03-19 13:11:46.223087,95,90,0.9473684210526315
956,4,Prayer Meeting,2025-03-26 13:11:46.223087,95,101,1.063157894736842
957,4,Prayer Meeting,2025-04-02 13:11:46.223087,95,77,0.8105263157894737
958,4,Prayer Meeting,2025-04-09 13:11:46.223087,95,112,1.1789473684210525
959,4,Prayer Meeting,2025-04-16 13:11:46.223087,95,95,1.0
960,4,Prayer Meeting,2025-04-23 13:11:46.223087,95,100,1.0526315789473684
961,4,Prayer Meeting,2025-04-30 13:11:46.223087,95,111,1.168421052631579
962,4,Prayer Meeting,2025-05-07 13:11:46.223087,95,80,0.8421052631578947
963,4,Prayer Meeting,2025-05-14 13:11:46.223087,95,87,0.9157894736842105
964,4,Prayer Meeting,2025-05-21 13:11:46.223087,95,73,0.7684210526315789
965,4,Prayer Meeting,2025-05-28 13:11:46.223087,95,92,0.968421052631579
966,4,Prayer Meeting,2025-06-04 13:11:46.223087,95,104,1.0947368421052632
967,4,Prayer Meeting,2025-06-11 13:11:46.223087,95,90,0.9473684210526315
968,4,Prayer Meeting,2025-06-18 13:11:46.223087,95,107,1.1263157894736842
969,4,Prayer Meeting,2025-06-25 13:11:46.223087,95,108,1.1368421052631579
970,4,Prayer Meeting,2025-07-02 13:11:46.223087,95,66,0.6947368421052632
971,4,Prayer Meeting,2025-07-09 13:11:46.223087,95,99,1.0421052631578946
972,4,Prayer Meeting,2025-07-16 13:11:46.223087,95,121,1.2736842105263158
973,4,Prayer Meeting,2025-07-23 13:11:46.223087,95,106,1.1157894736842104
974,4,Prayer Meeting,2025-07-30 13:11:46.223087,95,93,0.9789473684210527
975,4,Prayer Meeting,2025-08-06 13:11:46.223087,95,92,0.968421052631579
976,4,Prayer Meeting,2025-08-13 13:11:46.223087,95,77,0.8105263157894737
977,4,Prayer Meeting,2025-08-20 13:11:46.223087,95,117,1.231578947368421
978,4,Prayer Meeting,2025-08-27 13:11:46.223087,95,122,1.2842105263157895
979,4,Prayer Meeting,2025-09-03 13:11:46.223087,95,76,0.8
980,4,Prayer Meeting,2025-09-10 13:11:46.223087,95,72,0.7578947368421053
981,4,Prayer Meeting,2025-09-17 13:11:46.223087,95,83,0.8736842105263158
982,4,Prayer Meeting,2025-09-24 13:11:46.223087,95,84,0.8842105263157894
983,4,Prayer Meeting,2025-10-01 13:11:46.223087,95,109,1.1473684210526316
984,4,Prayer Meeting,2025-10-08 13:11:46.223087,95,79,0.8315789473684211
985,4,Prayer Meeting,2025-10-15 13:11:46.223087,95,98,1.0315789473684212
986,4,Prayer Meeting,2025-10-22 13:11:46.223087,95,81,0.8526315789473684
987,4,Prayer Meeting,2025-10-29 13:11:46.223087,95,110,1.1578947368421053
988,4,Prayer Meeting,2025-11-05 13:11:46.223087,95,87,0.9157894736842105
989,4,Prayer Meeting,2025-11-12 13:11:46.223087,95,86,0.9052631578947369
990,4,Prayer Meeting,2025-11-19 13:11:46.223087,95,68,0.7157894736842105
991,4,Prayer Meeting,2025-11-26 13:11:46.223087,95,70,0.7368421052631579
992,4,Prayer Meeting,2025-12-03 13:11:46.223087,95,107,1.1263157894736842
993,4,Prayer Meeting,2025-12-10 13:11:46.223087,95,99,1.0421052631578946
994,4,Prayer Meeting,2025-12-17 13:11:46.223087,95,75,0.7894736842105263
995,4,Prayer Meeting,2025-12-24 13:11:46.223087,95,120,1.263157894736842
996,4,Prayer Meeting,2025-12-31 13:11:46.223087,95,96,1.0105263157894737
997,4,Bible Study,2024-01-03 13:11:46.223087,114,91,0.7982456140350878
998,4,Bible Study,2024-01-10 13:11:46.223087,114,107,0.9385964912280702
999,4,Bible Study,2024-01-17 13:11:46.223087,114,114,1.0
1000,4,Bible Study,2024-01-24 13:11:46.223087,114,88,0.7719298245614035
1001,4,Bible Study,2024-01-31 13:11:46.223087,114,113,0.9912280701754386
1002,4,Bible Study,2024-02-07 13:11:46.223087,114,85,0.7456140350877193
1003,4,Bible Study,2024-02-14 13:11:46.223087,114,103,0.9035087719298246
1004,4,Bible Study,2024-02-21 13:11:46.223087,114,124,1.087719298245614
1005,4,Bible Study,2024-02-28 13:11:46.223087,114,132,1.1578947368421053
1006,4,Bible Study,2024-03-06 13:11:46.223087,114,99,0.868421052631579
1007,4,Bible Study,2024-03-13 13:11:46.223087,114,116,1.0175438596491229
1008,4,Bible Study,2024-03-20 13:11:46.223087,114,103,0.9035087719298246
1009,4,Bible Study,2024-03-27 13:11:46.223087,114,148,1.2982456140350878
1010,4,Bible Study,2024-04-03 13:11:46.223087,114,133,1.1666666666666667
1011,4,Bible Study,2024-04-10 13:11:46.223087,114,135,1.1842105263157894
1012,4,Bible Study,2024-04-17 13:11:46.223087,114,141,1.236842105263158
1013,4,Bible Study,2024-04-24 13:11:46.223087,114,122,1.0701754385964912
1014,4,Bible Study,2024-05-01 13:11:46.223087,114,130,1.1403508771929824
1015,4,Bible Study,2024-05-08 13:11:46.223087,114,134,1.1754385964912282
1016,4,Bible Study,2024-05-15 13:11:46.223087,114,98,0.8596491228070176
1017,4,Bible Study,2024-05-22 13:11:46.223087,114,146,1.280701754385965
1018,4,Bible Study,2024-05-29 13:11:46.223087,114,110,0.9649122807017544
1019,4,Bible Study,2024-06-05 13:11:46.223087,114,118,1.0350877192982457
1020,4,Bible Study,2024-06-12 13:11:46.223087,114,121,1.0614035087719298
1021,4,Bible Study,2024-06-19 13:11:46.223087,114,114,1.0
1022,4,Bible Study,2024-06-26 13:11:46.223087,114,106,0.9298245614035088
1023,4,Bible Study,2024-07-03 13:11:46.223087,114,140,1.2280701754385965
1024,4,Bible Study,2024-07-10 13:11:46.223087,114,82,0.7192982456140351
1025,4,Bible Study,2024-07-17 13:11:46.223087,114,96,0.8421052631578947
1026,4,Bible Study,2024-07-24 13:11:46.223087,114,148,1.2982456140350878
1027,4,Bible Study,2024-07-31 13:11:46.223087,114,94,0.8245614035087719
1028,4,Bible Study,2024-08-07 13:11:46.223087,114,104,0.9122807017543859
1029,4,Bible Study,2024-08-14 13:11:46.223087,114,134,1.1754385964912282
1030,4,Bible Study,2024-08-21 13:11:46.223087,114,96,0.8421052631578947
1031,4,Bible Study,2024-08-28 13:11:46.223087,114,132,1.1578947368421053
1032,4,Bible Study,2024-09-04 13:11:46.223087,114,141,1.236842105263158
1033,4,Bible Study,2024-09-11 13:11:46.223087,114,83,0.7280701754385965
1034,4,Bible Study,2024-09-18 13:11:46.223087,114,144,1.263157894736842
1035,4,Bible Study,2024-09-25 13:11:46.223087,114,113,0.9912280701754386
1036,4,Bible Study,2024-10-02 13:11:46.223087,114,120,1.0526315789473684
1037,4,Bible Study,2024-10-09 13:11:46.223087,114,98,0.8596491228070176
1038,4,Bible Study,2024-10-16 13:11:46.223087,114,114,1.0
1039,4,Bible Study,2024-10-23 13:11:46.223087,114,135,1.1842105263157894
1040,4,Bible Study,2024-10-30 13:11:46.223087,114,134,1.1754385964912282
1041,4,Bible Study,2024-11-06 13:11:46.223087,114,100,0.8771929824561403
1042,4,Bible Study,2024-11-13 13:11:46.223087,114,127,1.1140350877192982
1043,4,Bible Study,2024-11-20 13:11:46.223087,114,136,1.1929824561403508
1044,4,Bible Study,2024-11-27 13:11:46.223087,114,143,1.2543859649122806
1045,4,Bible Study,2024-12-04 13:11:46.223087,114,89,0.7807017543859649
1046,4,Bible Study,2024-12-11 13:11:46.223087,114,94,0.8245614035087719
1047,4,Bible Study,2024-12-18 13:11:46.223087,114,129,1.131578947368421
1048,4,Bible Study,2024-12-25 13:11:46.223087,114,142,1.2456140350877194
1049,4,Bible Study,2025-01-01 13:11:46.223087,114,85,0.7456140350877193
1050,4,Bible Study,2025-01-08 13:11:46.223087,114,95,0.8333333333333334
1051,4,Bible Study,2025-01-15 13:11:46.223087,114,141,1.236842105263158
1052,4,Bible Study,2025-01-22 13:11:46.223087,114,89,0.7807017543859649
1053,4,Bible Study,2025-01-29 13:11:46.223087,114,120,1.0526315789473684
1054,4,Bible Study,2025-02-05 13:11:46.223087,114,81,0.7105263157894737
1055,4,Bible Study,2025-02-12 13:11:46.223087,114,97,0.8508771929824561
1056,4,Bible Study,2025-02-19 13:11:46.223087,114,98,0.8596491228070176
1057,4,Bible Study,2025-02-26 13:11:46.223087,114,80,0.7017543859649122
1058,4,Bible Study,2025-03-05 13:11:46.223087,114,132,1.1578947368421053
1059,4,Bible Study,2025-03-12 13:11:46.223087,114,129,1.131578947368421
1060,4,Bible Study,2025-03-19 13:11:46.223087,114,80,0.7017543859649122
1061,4,Bible Study,2025-03-26 13:11:46.223087,114,85,0.7456140350877193
1062,4,Bible Study,2025-04-02 13:11:46.223087,114,132,1.1578947368421053
1063,4,Bible Study,2025-04-09 13:11:46.223087,114,95,0.8333333333333334
1064,4,Bible Study,2025-04-16 13:11:46.223087,114,119,1.043859649122807
1065,4,Bible Study,2025-04-23 13:11:46.223087,114,144,1.263157894736842
1066,4,Bible Study,2025-04-30 13:11:46.223087,114,92,0.8070175438596491
1067,4,Bible Study,2025-05-07 13:11:46.223087,114,83,0.7280701754385965
1068,4,Bible Study,2025-05-14 13:11:46.223087,114,120,1.0526315789473684
1069,4,Bible Study,2025-05-21 13:11:46.223087,114,101,0.8859649122807017
1070,4,Bible Study,2025-05-28 13:11:46.223087,114,125,1.0964912280701755
1071,4,Bible Study,2025-06-04 13:11:46.223087,114,145,1.2719298245614035
1072,4,Bible Study,2025-06-11 13:11:46.223087,114,118,1.0350877192982457
1073,4,Bible Study,2025-06-18 13:11:46.223087,114,126,1.105263157894737
1074,4,Bible Study,2025-06-25 13:11:46.223087,114,95,0.8333333333333334
1075,4,Bible Study,2025-07-02 13:11:46.223087,114,131,1.1491228070175439
1076,4,Bible Study,2025-07-09 13:11:46.223087,114,83,0.7280701754385965
1077,4,Bible Study,2025-07-16 13:11:46.223087,114,139,1.219298245614035
1078,4,Bible Study,2025-07-23 13:11:46.223087,114,110,0.9649122807017544
1079,4,Bible Study,2025-07-30 13:11:46.223087,114,99,0.868421052631579
1080,4,Bible Study,2025-08-06 13:11:46.223087,114,121,1.0614035087719298
1081,4,Bible Study,2025-08-13 13:11:46.223087,114,136,1.1929824561403508
1082,4,Bible Study,2025-08-20 13:11:46.223087,114,107,0.9385964912280702
1083,4,Bible Study,2025-08-27 13:11:46.223087,114,125,1.0964912280701755
1084,4,Bible Study,2025-09-03 13:11:46.223087,114,142,1.2456140350877194
1085,4,Bible Study,2025-09-10 13:11:46.223087,114,132,1.1578947368421053
1086,4,Bible Study,2025-09-17 13:11:46.223087,114,144,1.263157894736842
1087,4,Bible Study,2025-09-24 13:11:46.223087,114,137,1.2017543859649122
1088,4,Bible Study,2025-10-01 13:11:46.223087,114,104,0.9122807017543859
1089,4,Bible Study,2025-10-08 13:11:46.223087,114,121,1.0614035087719298
1090,4,Bible Study,2025-10-15 13:11:46.223087,114,91,0.7982456140350878
1091,4,Bible Study,2025-10-22 13:11:46.223087,114,141,1.236842105263158
1092,4,Bible Study,2025-10-29 13:11:46.223087,114,102,0.8947368421052632
1093,4,Bible Study,2025-11-05 13:11:46.223087,114,115,1.0087719298245614
1094,4,Bible Study,2025-11-12 13:11:46.223087,114,115,1.0087719298245614
1095,4,Bible Study,2025-11-19 13:11:46.223087,114,97,0.8508771929824561
1096,4,Bible Study,2025-11-26 13:11:46.223087,114,144,1.263157894736842
1097,4,Bible Study,2025-12-03 13:11:46.223087,114,135,1.1842105263157894
1098,4,Bible Study,2025-12-10 13:11:46.223087,114,105,0.9210526315789473
1099,4,Bible Study,2025-12-17 13:11:46.223087,114,98,0.8596491228070176
1100,4,Bible Study,2025-12-24 13:11:46.223087,114,112,0.9824561403508771
1101,4,Bible Study,2025-12-31 13:11:46.223087,114,145,1.2719298245614035
1102,4,Youth Service,2024-01-03 13:11:46.223087,152,178,1.1710526315789473
1103,4,Youth Service,2024-02-02 13:11:46.223087,152,140,0.9210526315789473
1104,4,Youth Service,2024-03-03 13:11:46.223087,152,116,0.7631578947368421
1105,4,Youth Service,2024-04-02 13:11:46.223087,152,114,0.75
1106,4,Youth Service,2024-05-02 13:11:46.223087,152,168,1.105263157894737
1107,4,Youth Service,2024-06-01 13:11:46.223087,152,130,0.8552631578947368
1108,4,Youth Service,2024-07-01 13:11:46.223087,152,169,1.111842105263158
1109,4,Youth Service,2024-07-31 13:11:46.223087,152,129,0.8486842105263158
1110,4,Youth Service,2024-08-30 13:11:46.223087,152,177,1.1644736842105263
1111,4,Youth Service,2024-09-29 13:11:46.223087,152,110,0.7236842105263158
1112,4,Youth Service,2024-10-29 13:11:46.223087,152,176,1.1578947368421053
1113,4,Youth Service,2024-11-28 13:11:46.223087,152,130,0.8552631578947368
1114,4,Youth Service,2024-12-28 13:11:46.223087,152,137,0.9013157894736842
1115,4,Youth Service,2025-01-27 13:11:46.223087,152,119,0.7828947368421053
1116,4,Youth Service,2025-02-26 13:11:46.223087,152,121,0.7960526315789473
1117,4,Youth Service,2025-03-28 13:11:46.223087,152,150,0.9868421052631579
1118,4,Youth Service,2025-04-27 13:11:46.223087,152,172,1.131578947368421
1119,4,Youth Service,2025-05-27 13:11:46.223087,152,149,0.9802631578947368
1120,4,Youth Service,2025-06-26 13:11:46.223087,152,166,1.0921052631578947
1121,4,Youth Service,2025-07-26 13:11:46.223087,152,133,0.875
1122,4,Youth Service,2025-08-25 13:11:46.223087,152,107,0.7039473684210527
1123,4,Youth Service,2025-09-24 13:11:46.223087,152,116,0.7631578947368421
1124,4,Youth Service,2025-10-24 13:11:46.223087,152,156,1.0263157894736843
1125,4,Youth Service,2025-11-23 13:11:46.223087,152,139,0.9144736842105263
1126,4,Youth Service,2025-12-23 13:11:46.223087,152,150,0.9868421052631579
1127,4,Women's Fellowship,2024-01-03 13:11:46.223087,76,82,1.0789473684210527
1128,4,Women's Fellowship,2024-02-02 13:11:46.223087,76,64,0.8421052631578947
1129,4,Women's Fellowship,2024-03-03 13:11:46.223087,76,74,0.9736842105263158
1130,4,Women's Fellowship,2024-04-02 13:11:46.223087,76,79,1.0394736842105263
1131,4,Women's Fellowship,2024-05-02 13:11:46.223087,76,65,0.8552631578947368
1132,4,Women's Fellowship,2024-06-01 13:11:46.223087,76,89,1.1710526315789473
1133,4,Women's Fellowship,2024-07-01 13:11:46.223087,76,87,1.144736842105263
1134,4,Women's Fellowship,2024-07-31 13:11:46.223087,76,58,0.7631578947368421
1135,4,Women's Fellowship,2024-08-30 13:11:46.223087,76,54,0.7105263157894737
1136,4,Women's Fellowship,2024-09-29 13:11:46.223087,76,60,0.7894736842105263
1137,4,Women's Fellowship,2024-10-29 13:11:46.223087,76,83,1.0921052631578947
1138,4,Women's Fellowship,2024-11-28 13:11:46.223087,76,65,0.8552631578947368
1139,4,Women's Fellowship,2024-12-28 13:11:46.223087,76,75,0.9868421052631579
1140,4,Women's Fellowship,2025-01-27 13:11:46.223087,76,89,1.1710526315789473
1141,4,Women's Fellowship,2025-02-26 13:11:46.223087,76,72,0.9473684210526315
1142,4,Women's Fellowship,2025-03-28 13:11:46.223087,76,75,0.9868421052631579
1143,4,Women's Fellowship,2025-04-27 13:11:46.223087,76,55,0.7236842105263158
1144,4,Women's Fellowship,2025-05-27 13:11:46.223087,76,92,1.2105263157894737
1145,4,Women's Fellowship,2025-06-26 13:11:46.223087,76,54,0.7105263157894737
1146,4,Women's Fellowship,2025-07-26 13:11:46.223087,76,71,0.9342105263157895
1147,4,Women's Fellowship,2025-08-25 13:11:46.223087,76,83,1.0921052631578947
1148,4,Women's Fellowship,2025-09-24 13:11:46.223087,76,66,0.868421052631579
1149,4,Women's Fellowship,2025-10-24 13:11:46.223087,76,80,1.0526315789473684
1150,4,Women's Fellowship,2025-11-23 13:11:46.223087,76,67,0.881578947368421
1151,4,Women's Fellowship,2025-12-23 13:11:46.223087,76,86,1.131578947368421
1152,4,Men's Breakfast,2024-01-03 13:11:46.223087,57,55,0.9649122807017544
1153,4,Men's Breakfast,2024-02-02 13:11:46.223087,57,59,1.0350877192982457
1154,4,Men's Breakfast,2024-03-03 13:11:46.223087,57,62,1.087719298245614
1155,4,Men's Breakfast,2024-04-02 13:11:46.223087,57,59,1.0350877192982457
1156,4,Men's Breakfast,2024-05-02 13:11:46.223087,57,65,1.1403508771929824
1157,4,Men's Breakfast,2024-06-01 13:11:46.223087,57,55,0.9649122807017544
1158,4,Men's Breakfast,2024-07-01 13:11:46.223087,57,63,1.105263157894737
1159,4,Men's Breakfast,2024-07-31 13:11:46.223087,57,62,1.087719298245614
1160,4,Men's Breakfast,2024-08-30 13:11:46.223087,57,70,1.2280701754385965
1161,4,Men's Breakfast,2024-09-29 13:11:46.223087,57,45,0.7894736842105263
1162,4,Men's Breakfast,2024-10-29 13:11:46.223087,57,65,1.1403508771929824
1163,4,Men's Breakfast,2024-11-28 13:11:46.223087,57,57,1.0
1164,4,Men's Breakfast,2024-12-28 13:11:46.223087,57,40,0.7017543859649122
1165,4,Men's Breakfast,2025-01-27 13:11:46.223087,57,72,1.263157894736842
1166,4,Men's Breakfast,2025-02-26 13:11:46.223087,57,58,1.0175438596491229
1167,4,Men's Breakfast,2025-03-28 13:11:46.223087,57,44,0.7719298245614035
1168,4,Men's Breakfast,2025-04-27 13:11:46.223087,57,63,1.105263157894737
1169,4,Men's Breakfast,2025-05-27 13:11:46.223087,57,58,1.0175438596491229
1170,4,Men's Breakfast,2025-06-26 13:11:46.223087,57,42,0.7368421052631579
1171,4,Men's Breakfast,2025-07-26 13:11:46.223087,57,53,0.9298245614035088
1172,4,Men's Breakfast,2025-08-25 13:11:46.223087,57,56,0.9824561403508771
1173,4,Men's Breakfast,2025-09-24 13:11:46.223087,57,72,1.263157894736842
1174,4,Men's Breakfast,2025-10-24 13:11:46.223087,57,61,1.0701754385964912
1175,4,Men's Breakfast,2025-11-23 13:11:46.223087,57,61,1.0701754385964912
1176,4,Men's Breakfast,2025-12-23 13:11:46.223087,57,70,1.2280701754385965
1177,4,Community Outreach,2024-01-03 13:11:46.223087,133,94,0.706766917293233
1178,4,Community Outreach,2024-04-02 13:11:46.223087,133,124,0.9323308270676691
1179,4,Community Outreach,2024-07-01 13:11:46.223087,133,130,0.9774436090225563
1180,4,Community Outreach,2024-09-29 13:11:46.223087,133,143,1.0751879699248121
1181,4,Community Outreach,2024-12-28 13:11:46.223087,133,167,1.255639097744361
1182,4,Community Outreach,2025-03-28 13:11:46.223087,133,95,0.7142857142857143
1183,4,Community Outreach,2025-06-26 13:11:46.223087,133,96,0.7218045112781954
1184,4,Community Outreach,2025-09-24 13:11:46.223087,133,123,0.924812030075188
1185,4,Community Outreach,2025-12-23 13:11:46.223087,133,145,1.0902255639097744
1186,4,Church Retreat,2024-01-03 13:11:46.223087,190,156,0.8210526315789474
1187,4,Church Retreat,2025-01-02 13:11:46.223087,190,197,1.0368421052631578
1188,4,Church Retreat,2026-01-02 13:11:46.223087,190,148,0.7789473684210526
1189,5,Prayer Meeting,2024-01-03 13:11:46.223087,32,28,0.875
1190,5,Prayer Meeting,2024-01-10 13:11:46.223087,32,41,1.28125
1191,5,Prayer Meeting,2024-01-17 13:11:46.223087,32,27,0.84375
1192,5,Prayer Meeting,2024-01-24 13:11:46.223087,32,36,1.125
1193,5,Prayer Meeting,2024-01-31 13:11:46.223087,32,36,1.125
1194,5,Prayer Meeting,2024-02-07 13:11:46.223087,32,29,0.90625
1195,5,Prayer Meeting,2024-02-14 13:11:46.223087,32,30,0.9375
1196,5,Prayer Meeting,2024-02-21 13:11:46.223087,32,37,1.15625
1197,5,Prayer Meeting,2024-02-28 13:11:46.223087,32,23,0.71875
1198,5,Prayer Meeting,2024-03-06 13:11:46.223087,32,36,1.125
1199,5,Prayer Meeting,2024-03-13 13:11:46.223087,32,32,1.0
1200,5,Prayer Meeting,2024-03-20 13:11:46.223087,32,40,1.25
1201,5,Prayer Meeting,2024-03-27 13:11:46.223087,32,32,1.0
1202,5,Prayer Meeting,2024-04-03 13:11:46.223087,32,31,0.96875
1203,5,Prayer Meeting,2024-04-10 13:11:46.223087,32,39,1.21875
1204,5,Prayer Meeting,2024-04-17 13:11:46.223087,32,30,0.9375
1205,5,Prayer Meeting,2024-04-24 13:11:46.223087,32,32,1.0
1206,5,Prayer Meeting,2024-05-01 13:11:46.223087,32,35,1.09375
1207,5,Prayer Meeting,2024-05-08 13:11:46.223087,32,28,0.875
1208,5,Prayer Meeting,2024-05-15 13:11:46.223087,32,37,1.15625
1209,5,Prayer Meeting,2024-05-22 13:11:46.223087,32,37,1.15625
1210,5,Prayer Meeting,2024-05-29 13:11:46.223087,32,38,1.1875
1211,5,Prayer Meeting,2024-06-05 13:11:46.223087,32,41,1.28125
1212,5,Prayer Meeting,2024-06-12 13:11:46.223087,32,39,1.21875
1213,5,Prayer Meeting,2024-06-19 13:11:46.223087,32,35,1.09375
1214,5,Prayer Meeting,2024-06-26 13:11:46.223087,32,26,0.8125
1215,5,Prayer Meeting,2024-07-03 13:11:46.223087,32,32,1.0
1216,5,Prayer Meeting,2024-07-10 13:11:46.223087,32,25,0.78125
1217,5,Prayer Meeting,2024-07-17 13:11:46.223087,32,34,1.0625
1218,5,Prayer Meeting,2024-07-24 13:11:46.223087,32,37,1.15625
1219,5,Prayer Meeting,2024-07-31 13:11:46.223087,32,26,0.8125
1220,5,Prayer Meeting,2024-08-07 13:11:46.223087,32,23,0.71875
1221,5,Prayer Meeting,2024-08-14 13:11:46.223087,32,22,0.6875
1222,5,Prayer Meeting,2024-08-21 13:11:46.223087,32,40,1.25
1223,5,Prayer Meeting,2024-08-28 13:11:46.223087,32,26,0.8125
1224,5,Prayer Meeting,2024-09-04 13:11:46.223087,32,33,1.03125
1225,5,Prayer Meeting,2024-09-11 13:11:46.223087,32,27,0.84375
1226,5,Prayer Meeting,2024-09-18 13:11:46.223087,32,31,0.96875
1227,5,Prayer Meeting,2024-09-25 13:11:46.223087,32,25,0.78125
1228,5,Prayer Meeting,2024-10-02 13:11:46.223087,32,31,0.96875
1229,5,Prayer Meeting,2024-10-09 13:11:46.223087,32,40,1.25
1230,5,Prayer Meeting,2024-10-16 13:11:46.223087,32,40,1.25
1231,5,Prayer Meeting,2024-10-23 13:11:46.223087,32,30,0.9375
1232,5,Prayer Meeting,2024-10-30 13:11:46.223087,32,34,1.0625
1233,5,Prayer Meeting,2024-11-06 13:11:46.223087,32,34,1.0625
1234,5,Prayer Meeting,2024-11-13 13:11:46.223087,32,34,1.0625
1235,5,Prayer Meeting,2024-11-20 13:11:46.223087,32,32,1.0
1236,5,Prayer Meeting,2024-11-27 13:11:46.223087,32,30,0.9375
1237,5,Prayer Meeting,2024-12-04 13:11:46.223087,32,25,0.78125
1238,5,Prayer Meeting,2024-12-11 13:11:46.223087,32,33,1.03125
1239,5,Prayer Meeting,2024-12-18 13:11:46.223087,32,23,0.71875
1240,5,Prayer Meeting,2024-12-25 13:11:46.223087,32,40,1.25
1241,5,Prayer Meeting,2025-01-01 13:11:46.223087,32,40,1.25
1242,5,Prayer Meeting,2025-01-08 13:11:46.223087,32,40,1.25
1243,5,Prayer Meeting,2025-01-15 13:11:46.223087,32,23,0.71875
1244,5,Prayer Meeting,2025-01-22 13:11:46.223087,32,29,0.90625
1245,5,Prayer Meeting,2025-01-29 13:11:46.223087,32,35,1.09375
1246,5,Prayer Meeting,2025-02-05 13:11:46.223087,32,26,0.8125
1247,5,Prayer Meeting,2025-02-12 13:11:46.223087,32,37,1.15625
1248,5,Prayer Meeting,2025-02-19 13:11:46.223087,32,26,0.8125
1249,5,Prayer Meeting,2025-02-26 13:11:46.223087,32,23,0.71875
1250,5,Prayer Meeting,2025-03-05 13:11:46.223087,32,28,0.875
1251,5,Prayer Meeting,2025-03-12 13:11:46.223087,32,30,0.9375
1252,5,Prayer Meeting,2025-03-19 13:11:46.223087,32,27,0.84375
1253,5,Prayer Meeting,2025-03-26 13:11:46.223087,32,32,1.0
1254,5,Prayer Meeting,2025-04-02 13:11:46.223087,32,31,0.96875
1255,5,Prayer Meeting,2025-04-09 13:11:46.223087,32,41,1.28125
1256,5,Prayer Meeting,2025-04-16 13:11:46.223087,32,39,1.21875
1257,5,Prayer Meeting,2025-04-23 13:11:46.223087,32,39,1.21875
1258,5,Prayer Meeting,2025-04-30 13:11:46.223087,32,23,0.71875
1259,5,Prayer Meeting,2025-05-07 13:11:46.223087,32,28,0.875
1260,5,Prayer Meeting,2025-05-14 13:11:46.223087,32,30,0.9375
1261,5,Prayer Meeting,2025-05-21 13:11:46.223087,32,35,1.09375
1262,5,Prayer Meeting,2025-05-28 13:11:46.223087,32,40,1.25
1263,5,Prayer Meeting,2025-06-04 13:11:46.223087,32,39,1.21875
1264,5,Prayer Meeting,2025-06-11 13:11:46.223087,32,30,0.9375
1265,5,Prayer Meeting,2025-06-18 13:11:46.223087,32,22,0.6875
1266,5,Prayer Meeting,2025-06-25 13:11:46.223087,32,35,1.09375
1267,5,Prayer Meeting,2025-07-02 13:11:46.223087,32,37,1.15625
1268,5,Prayer Meeting,2025-07-09 13:11:46.223087,32,39,1.21875
1269,5,Prayer Meeting,2025-07-16 13:11:46.223087,32,23,0.71875
1270,5,Prayer Meeting,2025-07-23 13:11:46.223087,32,37,1.15625
1271,5,Prayer Meeting,2025-07-30 13:11:46.223087,32,27,0.84375
1272,5,Prayer Meeting,2025-08-06 13:11:46.223087,32,39,1.21875
1273,5,Prayer Meeting,2025-08-13 13:11:46.223087,32,32,1.0
1274,5,Prayer Meeting,2025-08-20 13:11:46.223087,32,27,0.84375
1275,5,Prayer Meeting,2025-08-27 13:11:46.223087,32,40,1.25
1276,5,Prayer Meeting,2025-09-03 13:11:46.223087,32,41,1.28125
1277,5,Prayer Meeting,2025-09-10 13:11:46.223087,32,40,1.25
1278,5,Prayer Meeting,2025-09-17 13:11:46.223087,32,31,0.96875
1279,5,Prayer Meeting,2025-09-24 13:11:46.223087,32,23,0.71875
1280,5,Prayer Meeting,2025-10-01 13:11:46.223087,32,35,1.09375
1281,5,Prayer Meeting,2025-10-08 13:11:46.223087,32,39,1.21875
1282,5,Prayer Meeting,2025-10-15 13:11:46.223087,32,37,1.15625
1283,5,Prayer Meeting,2025-10-22 13:11:46.223087,32,34,1.0625
1284,5,Prayer Meeting,2025-10-29 13:11:46.223087,32,33,1.03125
1285,5,Prayer Meeting,2025-11-05 13:11:46.223087,32,40,1.25
1286,5,Prayer Meeting,2025-11-12 13:11:46.223087,32,41,1.28125
1287,5,Prayer Meeting,2025-11-19 13:11:46.223087,32,34,1.0625
1288,5,Prayer Meeting,2025-11-26 13:11:46.223087,32,27,0.84375
1289,5,Prayer Meeting,2025-12-03 13:11:46.223087,32,30,0.9375
1290,5,Prayer Meeting,2025-12-10 13:11:46.223087,32,26,0.8125
1291,5,Prayer Meeting,2025-12-17 13:11:46.223087,32,26,0.8125
1292,5,Prayer Meeting,2025-12-24 13:11:46.223087,32,26,0.8125
1293,5,Prayer Meeting,2025-12-31 13:11:46.223087,32,22,0.6875
1294,5,Bible Study,2024-01-03 13:11:46.223087,39,27,0.6923076923076923
1295,5,Bible Study,2024-01-10 13:11:46.223087,39,46,1.1794871794871795
1296,5,Bible Study,2024-01-17 13:11:46.223087,39,38,0.9743589743589743
1297,5,Bible Study,2024-01-24 13:11:46.223087,39,27,0.6923076923076923
1298,5,Bible Study,2024-01-31 13:11:46.223087,39,46,1.1794871794871795
1299,5,Bible Study,2024-02-07 13:11:46.223087,39,38,0.9743589743589743
1300,5,Bible Study,2024-02-14 13:11:46.223087,39,36,0.9230769230769231
1301,5,Bible Study,2024-02-21 13:11:46.223087,39,27,0.6923076923076923
1302,5,Bible Study,2024-02-28 13:11:46.223087,39,35,0.8974358974358975
1303,5,Bible Study,2024-03-06 13:11:46.223087,39,27,0.6923076923076923
1304,5,Bible Study,2024-03-13 13:11:46.223087,39,30,0.7692307692307693
1305,5,Bible Study,2024-03-20 13:11:46.223087,39,39,1.0
1306,5,Bible Study,2024-03-27 13:11:46.223087,39,37,0.9487179487179487
1307,5,Bible Study,2024-04-03 13:11:46.223087,39,28,0.717948717948718
1308,5,Bible Study,2024-04-10 13:11:46.223087,39,28,0.717948717948718
1309,5,Bible Study,2024-04-17 13:11:46.223087,39,42,1.0769230769230769
1310,5,Bible Study,2024-04-24 13:11:46.223087,39,31,0.7948717948717948
1311,5,Bible Study,2024-05-01 13:11:46.223087,39,49,1.2564102564102564
1312,5,Bible Study,2024-05-08 13:11:46.223087,39,40,1.0256410256410255
1313,5,Bible Study,2024-05-15 13:11:46.223087,39,30,0.7692307692307693
1314,5,Bible Study,2024-05-22 13:11:46.223087,39,44,1.1282051282051282
1315,5,Bible Study,2024-05-29 13:11:46.223087,39,45,1.1538461538461537
1316,5,Bible Study,2024-06-05 13:11:46.223087,39,41,1.0512820512820513
1317,5,Bible Study,2024-06-12 13:11:46.223087,39,44,1.1282051282051282
1318,5,Bible Study,2024-06-19 13:11:46.223087,39,49,1.2564102564102564
1319,5,Bible Study,2024-06-26 13:11:46.223087,39,31,0.7948717948717948
1320,5,Bible Study,2024-07-03 13:11:46.223087,39,45,1.1538461538461537
1321,5,Bible Study,2024-07-10 13:11:46.223087,39,37,0.9487179487179487
1322,5,Bible Study,2024-07-17 13:11:46.223087,39,37,0.9487179487179487
1323,5,Bible Study,2024-07-24 13:11:46.223087,39,41,1.0512820512820513
1324,5,Bible Study,2024-07-31 13:11:46.223087,39,36,0.9230769230769231
1325,5,Bible Study,2024-08-07 13:11:46.223087,39,28,0.717948717948718
1326,5,Bible Study,2024-08-14 13:11:46.223087,39,29,0.7435897435897436
1327,5,Bible Study,2024-08-21 13:11:46.223087,39,44,1.1282051282051282
1328,5,Bible Study,2024-08-28 13:11:46.223087,39,31,0.7948717948717948
1329,5,Bible Study,2024-09-04 13:11:46.223087,39,35,0.8974358974358975
1330,5,Bible Study,2024-09-11 13:11:46.223087,39,30,0.7692307692307693
1331,5,Bible Study,2024-09-18 13:11:46.223087,39,38,0.9743589743589743
1332,5,Bible Study,2024-09-25 13:11:46.223087,39,30,0.7692307692307693
1333,5,Bible Study,2024-10-02 13:11:46.223087,39,49,1.2564102564102564
1334,5,Bible Study,2024-10-09 13:11:46.223087,39,50,1.2820512820512822
1335,5,Bible Study,2024-10-16 13:11:46.223087,39,30,0.7692307692307693
1336,5,Bible Study,2024-10-23 13:11:46.223087,39,42,1.0769230769230769
1337,5,Bible Study,2024-10-30 13:11:46.223087,39,47,1.205128205128205
1338,5,Bible Study,2024-11-06 13:11:46.223087,39,38,0.9743589743589743
1339,5,Bible Study,2024-11-13 13:11:46.223087,39,27,0.6923076923076923
1340,5,Bible Study,2024-11-20 13:11:46.223087,39,28,0.717948717948718
1341,5,Bible Study,2024-11-27 13:11:46.223087,39,42,1.0769230769230769
1342,5,Bible Study,2024-12-04 13:11:46.223087,39,42,1.0769230769230769
1343,5,Bible Study,2024-12-11 13:11:46.223087,39,42,1.0769230769230769
1344,5,Bible Study,2024-12-18 13:11:46.223087,39,39,1.0
1345,5,Bible Study,2024-12-25 13:11:46.223087,39,49,1.2564102564102564
1346,5,Bible Study,2025-01-01 13:11:46.223087,39,43,1.1025641025641026
1347,5,Bible Study,2025-01-08 13:11:46.223087,39,27,0.6923076923076923
1348,5,Bible Study,2025-01-15 13:11:46.223087,39,40,1.0256410256410255
1349,5,Bible Study,2025-01-22 13:11:46.223087,39,43,1.1025641025641026
1350,5,Bible Study,2025-01-29 13:11:46.223087,39,34,0.8717948717948718
1351,5,Bible Study,2025-02-05 13:11:46.223087,39,44,1.1282051282051282
1352,5,Bible Study,2025-02-12 13:11:46.223087,39,44,1.1282051282051282
1353,5,Bible Study,2025-02-19 13:11:46.223087,39,32,0.8205128205128205
1354,5,Bible Study,2025-02-26 13:11:46.223087,39,50,1.2820512820512822
1355,5,Bible Study,2025-03-05 13:11:46.223087,39,38,0.9743589743589743
1356,5,Bible Study,2025-03-12 13:11:46.223087,39,36,0.9230769230769231
1357,5,Bible Study,2025-03-19 13:11:46.223087,39,34,0.8717948717948718
1358,5,Bible Study,2025-03-26 13:11:46.223087,39,44,1.1282051282051282
1359,5,Bible Study,2025-04-02 13:11:46.223087,39,28,0.717948717948718
1360,5,Bible Study,2025-04-09 13:11:46.223087,39,49,1.2564102564102564
1361,5,Bible Study,2025-04-16 13:11:46.223087,39,35,0.8974358974358975
1362,5,Bible Study,2025-04-23 13:11:46.223087,39,49,1.2564102564102564
1363,5,Bible Study,2025-04-30 13:11:46.223087,39,43,1.1025641025641026
1364,5,Bible Study,2025-05-07 13:11:46.223087,39,40,1.0256410256410255
1365,5,Bible Study,2025-05-14 13:11:46.223087,39,47,1.205128205128205
1366,5,Bible Study,2025-05-21 13:11:46.223087,39,47,1.205128205128205
1367,5,Bible Study,2025-05-28 13:11:46.223087,39,43,1.1025641025641026
1368,5,Bible Study,2025-06-04 13:11:46.223087,39,32,0.8205128205128205
1369,5,Bible Study,2025-06-11 13:11:46.223087,39,29,0.7435897435897436
1370,5,Bible Study,2025-06-18 13:11:46.223087,39,43,1.1025641025641026
1371,5,Bible Study,2025-06-25 13:11:46.223087,39,43,1.1025641025641026
1372,5,Bible Study,2025-07-02 13:11:46.223087,39,47,1.205128205128205
1373,5,Bible Study,2025-07-09 13:11:46.223087,39,43,1.1025641025641026
1374,5,Bible Study,2025-07-16 13:11:46.223087,39,28,0.717948717948718
1375,5,Bible Study,2025-07-23 13:11:46.223087,39,44,1.1282051282051282
1376,5,Bible Study,2025-07-30 13:11:46.223087,39,34,0.8717948717948718
1377,5,Bible Study,2025-08-06 13:11:46.223087,39,29,0.7435897435897436
1378,5,Bible Study,2025-08-13 13:11:46.223087,39,50,1.2820512820512822
1379,5,Bible Study,2025-08-20 13:11:46.223087,39,49,1.2564102564102564
1380,5,Bible Study,2025-08-27 13:11:46.223087,39,50,1.2820512820512822
1381,5,Bible Study,2025-09-03 13:11:46.223087,39,31,0.7948717948717948
1382,5,Bible Study,2025-09-10 13:11:46.223087,39,34,0.8717948717948718
1383,5,Bible Study,2025-09-17 13:11:46.223087,39,50,1.2820512820512822
1384,5,Bible Study,2025-09-24 13:11:46.223087,39,42,1.0769230769230769
1385,5,Bible Study,2025-10-01 13:11:46.223087,39,35,0.8974358974358975
1386,5,Bible Study,2025-10-08 13:11:46.223087,39,41,1.0512820512820513
1387,5,Bible Study,2025-10-15 13:11:46.223087,39,47,1.205128205128205
1388,5,Bible Study,2025-10-22 13:11:46.223087,39,44,1.1282051282051282
1389,5,Bible Study,2025-10-29 13:11:46.223087,39,34,0.8717948717948718
1390,5,Bible Study,2025-11-05 13:11:46.223087,39,29,0.7435897435897436
1391,5,Bible Study,2025-11-12 13:11:46.223087,39,41,1.0512820512820513
1392,5,Bible Study,2025-11-19 13:11:46.223087,39,27,0.6923076923076923
1393,5,Bible Study,2025-11-26 13:11:46.223087,39,28,0.717948717948718
1394,5,Bible Study,2025-12-03 13:11:46.223087,39,37,0.9487179487179487
1395,5,Bible Study,2025-12-10 13:11:46.223087,39,44,1.1282051282051282
1396,5,Bible Study,2025-12-17 13:11:46.223087,39,35,0.8974358974358975
1397,5,Bible Study,2025-12-24 13:11:46.223087,39,27,0.6923076923076923
1398,5,Bible Study,2025-12-31 13:11:46.223087,39,50,1.2820512820512822
1399,5,Youth Service,2024-01-03 13:11:46.223087,52,45,0.8653846153846154
1400,5,Youth Service,2024-02-02 13:11:46.223087,52,62,1.1923076923076923
1401,5,Youth Service,2024-03-03 13:11:46.223087,52,55,1.0576923076923077
1402,5,Youth Service,2024-04-02 13:11:46.223087,52,49,0.9423076923076923
1403,5,Youth Service,2024-05-02 13:11:46.223087,52,48,0.9230769230769231
1404,5,Youth Service,2024-06-01 13:11:46.223087,52,60,1.1538461538461537
1405,5,Youth Service,2024-07-01 13:11:46.223087,52,49,0.9423076923076923
1406,5,Youth Service,2024-07-31 13:11:46.223087,52,56,1.0769230769230769
1407,5,Youth Service,2024-08-30 13:11:46.223087,52,56,1.0769230769230769
1408,5,Youth Service,2024-09-29 13:11:46.223087,52,48,0.9230769230769231
1409,5,Youth Service,2024-10-29 13:11:46.223087,52,38,0.7307692307692307
1410,5,Youth Service,2024-11-28 13:11:46.223087,52,39,0.75
1411,5,Youth Service,2024-12-28 13:11:46.223087,52,63,1.2115384615384615
1412,5,Youth Service,2025-01-27 13:11:46.223087,52,42,0.8076923076923077
1413,5,Youth Service,2025-02-26 13:11:46.223087,52,60,1.1538461538461537
1414,5,Youth Service,2025-03-28 13:11:46.223087,52,40,0.7692307692307693
1415,5,Youth Service,2025-04-27 13:11:46.223087,52,65,1.25
1416,5,Youth Service,2025-05-27 13:11:46.223087,52,39,0.75
1417,5,Youth Service,2025-06-26 13:11:46.223087,52,36,0.6923076923076923
1418,5,Youth Service,2025-07-26 13:11:46.223087,52,59,1.1346153846153846
1419,5,Youth Service,2025-08-25 13:11:46.223087,52,63,1.2115384615384615
1420,5,Youth Service,2025-09-24 13:11:46.223087,52,48,0.9230769230769231
1421,5,Youth Service,2025-10-24 13:11:46.223087,52,37,0.7115384615384616
1422,5,Youth Service,2025-11-23 13:11:46.223087,52,63,1.2115384615384615
1423,5,Youth Service,2025-12-23 13:11:46.223087,52,47,0.9038461538461539
1424,5,Women's Fellowship,2024-01-03 13:11:46.223087,26,33,1.2692307692307692
1425,5,Women's Fellowship,2024-02-02 13:11:46.223087,26,30,1.1538461538461537
1426,5,Women's Fellowship,2024-03-03 13:11:46.223087,26,27,1.0384615384615385
1427,5,Women's Fellowship,2024-04-02 13:11:46.223087,26,29,1.1153846153846154
1428,5,Women's Fellowship,2024-05-02 13:11:46.223087,26,28,1.0769230769230769
1429,5,Women's Fellowship,2024-06-01 13:11:46.223087,26,29,1.1153846153846154
1430,5,Women's Fellowship,2024-07-01 13:11:46.223087,26,26,1.0
1431,5,Women's Fellowship,2024-07-31 13:11:46.223087,26,27,1.0384615384615385
1432,5,Women's Fellowship,2024-08-30 13:11:46.223087,26,25,0.9615384615384616
1433,5,Women's Fellowship,2024-09-29 13:11:46.223087,26,24,0.9230769230769231
1434,5,Women's Fellowship,2024-10-29 13:11:46.223087,26,18,0.6923076923076923
1435,5,Women's Fellowship,2024-11-28 13:11:46.223087,26,19,0.7307692307692307
1436,5,Women's Fellowship,2024-12-28 13:11:46.223087,26,19,0.7307692307692307
1437,5,Women's Fellowship,2025-01-27 13:11:46.223087,26,25,0.9615384615384616
1438,5,Women's Fellowship,2025-02-26 13:11:46.223087,26,30,1.1538461538461537
1439,5,Women's Fellowship,2025-03-28 13:11:46.223087,26,28,1.0769230769230769
1440,5,Women's Fellowship,2025-04-27 13:11:46.223087,26,21,0.8076923076923077
1441,5,Women's Fellowship,2025-05-27 13:11:46.223087,26,30,1.1538461538461537
1442,5,Women's Fellowship,2025-06-26 13:11:46.223087,26,31,1.1923076923076923
1443,5,Women's Fellowship,2025-07-26 13:11:46.223087,26,24,0.9230769230769231
1444,5,Women's Fellowship,2025-08-25 13:11:46.223087,26,27,1.0384615384615385
1445,5,Women's Fellowship,2025-09-24 13:11:46.223087,26,27,1.0384615384615385
1446,5,Women's Fellowship,2025-10-24 13:11:46.223087,26,32,1.2307692307692308
1447,5,Women's Fellowship,2025-11-23 13:11:46.223087,26,30,1.1538461538461537
1448,5,Women's Fellowship,2025-12-23 13:11:46.223087,26,19,0.7307692307692307
1449,5,Men's Breakfast,2024-01-03 13:11:46.223087,19,24,1.263157894736842
1450,5,Men's Breakfast,2024-02-02 13:11:46.223087,19,23,1.2105263157894737
1451,5,Men's Breakfast,2024-03-03 13:11:46.223087,19,14,0.7368421052631579
1452,5,Men's Breakfast,2024-04-02 13:11:46.223087,19,24,1.263157894736842
1453,5,Men's Breakfast,2024-05-02 13:11:46.223087,19,13,0.6842105263157895
1454,5,Men's Breakfast,2024-06-01 13:11:46.223087,19,22,1.1578947368421053
1455,5,Men's Breakfast,2024-07-01 13:11:46.223087,19,20,1.0526315789473684
1456,5,Men's Breakfast,2024-07-31 13:11:46.223087,19,18,0.9473684210526315
1457,5,Men's Breakfast,2024-08-30 13:11:46.223087,19,14,0.7368421052631579
1458,5,Men's Breakfast,2024-09-29 13:11:46.223087,19,18,0.9473684210526315
1459,5,Men's Breakfast,2024-10-29 13:11:46.223087,19,16,0.8421052631578947
1460,5,Men's Breakfast,2024-11-28 13:11:46.223087,19,23,1.2105263157894737
1461,5,Men's Breakfast,2024-12-28 13:11:46.223087,19,18,0.9473684210526315
1462,5,Men's Breakfast,2025-01-27 13:11:46.223087,19,17,0.8947368421052632
1463,5,Men's Breakfast,2025-02-26 13:11:46.223087,19,18,0.9473684210526315
1464,5,Men's Breakfast,2025-03-28 13:11:46.223087,19,20,1.0526315789473684
1465,5,Men's Breakfast,2025-04-27 13:11:46.223087,19,22,1.1578947368421053
1466,5,Men's Breakfast,2025-05-27 13:11:46.223087,19,16,0.8421052631578947
1467,5,Men's Breakfast,2025-06-26 13:11:46.223087,19,16,0.8421052631578947
1468,5,Men's Breakfast,2025-07-26 13:11:46.223087,19,23,1.2105263157894737
1469,5,Men's Breakfast,2025-08-25 13:11:46.223087,19,18,0.9473684210526315
1470,5,Men's Breakfast,2025-09-24 13:11:46.223087,19,18,0.9473684210526315
1471,5,Men's Breakfast,2025-10-24 13:11:46.223087,19,22,1.1578947368421053
1472,5,Men's Breakfast,2025-11-23 13:11:46.223087,19,16,0.8421052631578947
1473,5,Men's Breakfast,2025-12-23 13:11:46.223087,19,15,0.7894736842105263
1474,5,Community Outreach,2024-01-03 13:11:46.223087,45,53,1.1777777777777778
1475,5,Community Outreach,2024-04-02 13:11:46.223087,45,42,0.9333333333333333
1476,5,Community Outreach,2024-07-01 13:11:46.223087,45,47,1.0444444444444445
1477,5,Community Outreach,2024-09-29 13:11:46.223087,45,33,0.7333333333333333
1478,5,Community Outreach,2024-12-28 13:11:46.223087,45,44,0.9777777777777777
1479,5,Community Outreach,2025-03-28 13:11:46.223087,45,40,0.8888888888888888
1480,5,Community Outreach,2025-06-26 13:11:46.223087,45,44,0.9777777777777777
1481,5,Community Outreach,2025-09-24 13:11:46.223087,45,49,1.0888888888888888
1482,5,Community Outreach,2025-12-23 13:11:46.223087,45,36,0.8
1483,5,Church Retreat,2024-01-03 13:11:46.223087,65,63,0.9692307692307692
1484,5,Church Retreat,2025-01-02 13:11:46.223087,65,78,1.2
1485,5,Church Retreat,2026-01-02 13:11:46.223087,65,58,0.8923076923076924
